Título,Fonte,Data UTC,Editorias,Link
Seu cérebro também sente quando você para de se movimentar?,Olimpíada Todo Dia,2026-10-08T14:46:23+00:00,esportes,https://news.google.com/rss/articles/CBMitwFBVV95cUxNTU96S2l3OENNclp2VkJGX3ZIa245SC1jSXRyNXlNYjhLaDM4RDZxMlpjdUhhWVZuZTNsU2ZKTzhybFM2c3hfWUxIS2RIWjhrN3BvdWRlaFEtVHR6aE4xdHBHTU91eW94VjcyWXRJX0dWZnVCVnNIMlk1MkFQZDByYVhTa2dtOGR3QkMwbGppMTBPY19xSmF4S05lUm1tcWhOMzBiOHBHRUtpN1hMTWpsa25CUncxa2s?oc=5
"Negociações sobre tarifaço continuam sem interferência eleitoral, diz ministro",Correio do Povo,2026-10-08T14:42:52+00:00,politica,https://news.google.com/rss/articles/CBMi2wFBVV95cUxQdHp3eDdBd2xuRzctU1dzNnd6d00yLWFzNDNZLXBtYzNsZmVLS3JmaGNzRi1aUWxJeW92V0lOUEd6YkVlUFUyZXcyMGIyX1dUX2lObVJIUkpvNmhGRlFxcmpqd01PN3JZcHlXaGxSdU5SWlR6MXhZOTQtS2cxVkRqbVR6TnBfOEpVRXZRM1I3a3MtNXNFVFVZd2E4OW1iTzVPcWh2akNNOVhacnRScVZKaXFNOW1uaTNDVVEtS0MwaDhjZ3FkWnFnWXFqcElLU1JUVUtWd3pITU9JVUU?oc=5
Araghchi diz que negociação com EUA está em andamento e Irã dará resposta em 'alguns dias',GZH,2026-10-08T14:37:35+00:00,"americas, internacional",https://news.google.com/rss/articles/CBMigwJBVV95cUxPZ0gtN1dVNjJoVjZ6ZEFPR3Z0REZEVGk2NmJOcjN1TGZRa19rdm5yUEpOMFU5Mk13cTc4d25OaEFJTmFtWWZRVWd1Rms3SDNKSm5pQk5veU9mX2hzck9ySWFsckJGZVBZb2hoZGdmbWh0enRQVkx2TmdsMUR1c0hqdXlhajVUb0RKZzc3U0FacldwRmRPRFB5MlNrRHRiRTh1VXllUXFnZjhMeWNuZ19HY3liLVNEbGgtTkFiQ2JLTUZOZGc0NzFmMFF2eXdyRWdDY3RQZExmdGtCN19KVzRQeWFRVlg3Umx4YWdSSHVlaUJjVkRXM2VVS05XOEY5d3lZMWVR?oc=5
Títulos da França têm pior década desde 1803 e abalam mercado: o que acontece?,InfoMoney,2026-10-08T14:36:15+00:00,"europa, internacional",https://news.google.com/rss/articles/CBMivAFBVV95cUxQSjFxcGw0TTFQS1NPY3RRaWUzOWFDRDlta0tKd2U5d3RwbS01cE9BSG9iVlJLVWdNYWpQYVRlSl9yY2FHd3ZkUFNBT0p4UVItNWRtNXNDZ1BJTkMtOXlUOFIwSHgyWjNBZGNhWU5pVzJKMm1jQzcwb0FKOFdHbENrVjVCSXRHUzc4bjF2cjBkWEdLcU52d3ppUk1nTjZvaHdXdXBZamF2OUYtOW9Ga2k3dFR3UDA5VzNnWnZJZNIBwgFBVV95cUxOZGlHd2RtV1dyclVxVFdPR1pVdk1iRTNmaDdacEF3aEpPeFNzWDlXM09XNGpZZVd4d0x2QXNOMTlnaEdETW9IZjhHT3lSS0hubG84NENmVEhCV2RuYmNKRWFxQzJwWm9jcDVhODdHSGpQX0xTMGZWMmVoWHYzTVV3cS10ejR5OGVTM2cyVG51TlIwWXBEVm03X2lldGNPNWgyRG1BRm5RUzJ5VFlHOXpDdU5XcTE1TkM0VFpGNkg1aEtQdw?oc=5
A China já está reivindicando território – debaixo d'água,www.washingtonpost.com,2026-10-08T14:32:55+00:00,"asia, internacional",https://www.washingtonpost.com/opinions/2026/10/08/invade-taiwan-china-is-already-claiming-territory-underwater/
O Parlamento Europeu reclama normas anticorrupção mais duras sobre financiamento político e portas giratórias,Demócrata,2026-10-08T14:14:40+00:00,internacional,https://news.google.com/rss/articles/CBMi5wFBVV95cUxNY1dMRHpnZ1JNdFFad1ZCV1lqdHI3U3ZRR1Q4cE1xVHRXMV81ZWkwYmR6NmdpZ1B1bDJTZmthTlhfNUdoWFNoUENYeTd4SFczS1QyRm4yWG9YNUpvek5qVi0xelh1Y3BVc3lrSVF4eDRfa2drTlRFTnZKaU5SNHdUWTZxR1V2QkpLdlFkeThMekpjYTc0VzN3amFmUjFfeGtpSHNfT2xUbzBsSFNPbmRSZS02UEJzd3R0NnU5c1dDUU1kU0Ric0lUb1ZwWTlybmtBb1FQOUZJVEhmRk1Dd2JneWVCN3BSSW_SAewBQVVfeXFMTmhNeUg5cW5vZWZRbDA1M1Z5SHB3MWJVUFA2S05iWnVGeEFXVzgtSE1FWUUtaFNYVVBhYy1xXzYxODlhaTRiLUN0TmNKbUR3bDZkcUpHTlVZNjkwekdtNGJxTGJyMlY0UnFMNUk5NnpEbHR2ZGsxb29MaEFadlE2LTR1bE9wZUxGelVpdmxCUWlZTllIdjZsRUxBLXlhWEViMmFlOW1GVTlwaUVYTWJzV1lpLVJiMWprbjJmOXJCUVhJcDFJX0dqeHk5Tm1DemwyMEQxaUhOTGZtcWJaMW01ejNEb0l1ODNCZVB0NzI?oc=5
"DIA DAS CRIANÇAS NO SESC SENAC RIO DAS OSTRAS TEM BRINCADEIRAS, CINEMA, MÚSICA E OFICINAS",exitorio.com.br,2026-10-08T14:26:43+00:00,cultura,https://news.google.com/rss/articles/CBMiwgFBVV95cUxQN1B0eVpldkx5akdDd1A0d2k5S2xLYmhOTUUtMWlFS3A0c0VZRU1zZm1aNlBXLU9NeThVbmhIakQ0dXRWZ0F1TVlkNTZTWTJtdElJU2FtYno2QndVTXBUYkx6OUNjd2I2MzVwNDU1WWVMX1JoT1B2a0JkeVJ1WWZqckZzRWlhOUlTRVd4bjFCSUwxMTlzRlU4SFBxLTZfVjM2bnRwS2VzbUh4S29YSEJBcmlsRXNfYlJEQ0lNTVlRZVZMdw?oc=5
MetSul reforça preocupação sobre chuva excessiva no Rio Grande do Sul,MetSul Meteorologia,2026-10-08T14:23:03+00:00,clima,https://news.google.com/rss/articles/CBMikwFBVV95cUxPcndyTkJrNzI1TGJDOWdpUnVfQ0JEd3dlTnhEejh3V1FBLVZOQVVoTEM2cFFGbEVWZ0JDRmxzUzNRa2g0cmxJWlYyeFZMZWhQRkhsRW9Ya0w0cWxSdGpGZjZBcDZoNk8yS1hWVTd5cmFOcklORE9mdjk1Qktub0JsSVMzWVgtT0lFX0djVnNHcmRNaDg?oc=5
Batalha a montante: a guerra civil da Etiópia gera rivalidades regionais,Geopolitical Monitor,2026-10-08T14:41:20+00:00,"africa, guerra, internacional",https://news.google.com/rss/articles/CBMif0FVX3lxTE1pLU5hV0Rrb2dCYVJ1aEZoYzVGRXIyM2t1YmlEWUdTcEtMUVdkUkVLSEVGVHhmSXpZdFB4elJKZHpNS0ZxbmVKVUdCTk5UR19oUGY5SWtfTzZ5TV9VM2ZoVGlSazJXRlQ1TkE2NFpsNThMQWZ1bmRxRncycWQtRDg?oc=5
Ex-presidente da Somália alerta contra tomar partido em rivalidades regionais,Hiiraan Online,2026-10-08T14:11:10+00:00,guerra,https://news.google.com/rss/articles/CBMixgFBVV95cUxQRHVwT0pscVYtVUtsN2xtX1pocG5kX2ZqZGNDVGpiZzdjLVpkV0pRbEFxYkFuXzM1a0tXanNXMnIySVNZUHpOb1hMZlNBSlQ2eS1aTEhTSG1WX0l3aVJyYzZkUzJOb3E1b0JPZVJBd29rX2JWd1BtdUV2MmJlWXVRRUV4dThWdkp1emZMVmdycUdNalFvNlpsYVE5RGo5VG1aQkJfUGlxc2NPUnlqOFpjaV9nTGdPSTg0dkFxeXAzZTgyUGtyYWc?oc=5
Tempo real: Ibovespa avança aos 207 mil pontos com Petrobras (PETR4); dólar recua,Money Times,2026-10-08T14:37:30+00:00,financas,https://news.google.com/rss/articles/CBMia0FVX3lxTE40QkdTYVBScTFDb2ZhZTB3RzhNNEtBOVpabENOdmdhdDhaMHBYMC1vXzN0ZmlpSnF4a0duaE4zWms2VWdhUTk4dUlsemJ3bmlxakdJeDNjUFpqbXFwXzVLRE1ZT0JOa0t5YWg4?oc=5
Dólar e juros sobem no Brasil com medo de inflação e petróleo caro,bra1.com.br,2026-10-08T14:11:00+00:00,"economia, energia, financas",https://news.google.com/rss/articles/CBMirgFBVV95cUxPVzhIaFoxRENER3VPc0hyeEhWQnB5WWVDZHBFZ1hkc2pRTEh2QVZuTS02QTlxU0I0dUE2RW9WYkREMnNPb0kyZ3lObXZPWGNMaUhvNnF4aEd1MGRwTVFsZlY2bGE3VU51VVlfWU1jcVUwWTNzVDAzcUl4ZWkzckcyX1lCR2hHZG9UZzBEeVNiZ1cxS09tSktDeVMxZXdKb1JoQkJIRk5jaTV3RmZvbHc?oc=5
Agricultura familiar apresenta diversidade na 41ª Oktoberfest de Santa Cruz do Sul,Correio do Povo,2026-10-08T14:40:51+00:00,agronegocio,https://news.google.com/rss/articles/CBMi3AFBVV95cUxPNVhRb0dDY1dxeUtxQ1VQeHMwY21LakNRMGs5Q2MxLU5FM0t6NDk2d2pSaWFiYnhhWkNRbnNnc3NvVXFTTTFScTFkSS1FTFVlZnFaVjk1Z3BrOEVoS1JuRkxXUWNMMzhaaEdnak5PM21YS0NDYTBXSGRWZW9GQ0w0OUEtTlNEYmNUOGZUT19pY3VXejJMcE1ENkdXQkJLSVU5eU94LUJsTi1lcGs1WTdiQ2JUOE90VUpxaEdSUmNVMGFzUDhyU0ZHNUw1Ykpma3dMbkpDb2k2MDJGY29F?oc=5
Gelo no polo norte de Marte tem menos de 3% de poeira e é muito mais limpo do que se estimava,O POVO,2026-10-08T13:08:00+00:00,espaco,https://news.google.com/rss/articles/CBMi4gFBVV95cUxQMGw2RE1jLVV4REd5VWZpXzlCbGkzd2gyZEMyWEtZQ1g5UG5ROXE1N1pwQ0d2S0pUZFZsZFU2Q0tQbVFLdEVlVlBlSksyNWRPNjdBVVZwOVNkcElEWUhVVlQzRUZjb21uOTdyc05vYXFQSkpFVjZIbmNTWHZJNUY1U2dlOWpCRTIycm9BckxmNk9hN2N4MS1RMmpGeUZreEtPMXdFUTJZY1ZNbkpOMmZaVi04cXRBcjJtbVJWNGM2M2ljUkxQM0c0bnU4NllSVjluUzM3SDJrMW05SVgweTZwbUt3?oc=5
"Pelo 2º ano, empresa de tecnologia mobiliza colaboradores para festa das crianças em João Pessoa e e dobra arrecadação",ClickPB,2026-10-08T14:14:02+00:00,tecnologia,https://news.google.com/rss/articles/CBMicEFVX3lxTE9JZkItaTFrbXNqQUZzRkdSMHlkZUFJYnJpSEkwenNlQzQxLWs3NUt5ZmVOcWs4WkdoRllER2NXLVBFMUljdk8zTGlaQnctUWotSWZUY0Fja0xYU0QwRkFwS2xZNXAwV1BOX3hKTERYc0w?oc=5
"A Polícia Federal deflagrou, nesta quarta-feira (7), a Operação No Way, ação voltada a desarticular um esquema suspeito de usar encomendas postais para enviar cocaína de Rondônia a outros estados do país. 👉🏻 Esse texto é uma prévia, para ter acesso a",Instagram,2026-10-08T14:36:36+00:00,logistica,https://news.google.com/rss/articles/CBMiUkFVX3lxTFBUN3RiVzVEQzlEc29RUEJiSDR1SVpDTXBTMGNtaGdZZG1Mcl9yVHNkblI5RE8yeG9nWXRacDFPeXByQllfS0N0dlhrNFdmS3RYWEE?oc=5
"PACNEWS SPORTS, 08 OCTOBER 2026",islandsbusiness.com,2026-10-08T12:22:19+00:00,oceania,https://islandsbusiness.com/pacnews/pacnews-sports-08-october-2026/
Arthur Chaves e Vitinho recebem alta após ida ao hospital,Lance!,2026-10-08T14:15:43+00:00,saude,https://news.google.com/rss/articles/CBMiuAFBVV95cUxQZW1KclZYZHRBNmE5cjNMeVdLNzJyM3JySkR0V0tLY1hwdTdZVTNaT3hYN1lhdjc3b1lfWVhjZzBHSFVQX1dsTWo2S3g3aTZYSy1oaXJibnNNOGI4eU43ckh4Mk5ZQjd5NC0yclJqR3hpOXFjcm1LRFIzRThUbF9RbzFqOEZMT2NNN0lmM0xXY1phamozcjZESnd1TXFfZHNXVldFWVZGbkR5RnZ6NHFRbzFCdHpoZ0Zi?oc=5
"MME abre consulta sobre Plano de Expansão de Energia até 2036, com projeção de R$ 3,3 tri",Folha PE,2026-10-08T14:39:00+00:00,energia,https://news.google.com/rss/articles/CBMirgFBVV95cUxOS1VHWEN1aVppMHdHdVdva01aTk8wRnN0WFlYa2NmS2RXbTNfby12QnNnakEtSUZxdHB2dEdyQTRxMWFReVBnMm9fRzB5R3J5SW1kRFU5UVlpaGNmSDFiMElLS2s0OVE0bnJBYUtGdjItb3pteU81bGVGdDN2WFpJeHFvZWF2dUNoUl9VdEg3RjcxSjgxeW5UOVk0ZkgxT1lFd1hyZHd0UlBTOElmYnfSAbIBQVVfeXFMTnFlTS1WakJBZTBoWVpkRTFDenBmWjFFT05GSUcxUTFyeVByTEt5OUhPTUVWMXBxY2N4elZ3WUtFd1hPOWxpX3A5ZUV4WXlGemZvN1o0Ukt2aUFFOEROeC1qbW1TeDV1T1lsblBDNXNId1pObGNlNS14Y2k1MUdMblhxQTdOWVZtZkZreUdYREJnaFh3Xy01OG10Q0JzSjU2NEltS1ItT2kwNmZxTWJOVGdyUQ?oc=5
PF vai investigar incêndio na Universidade Federal de Pernambuco,Agência Brasil — Últimas,2026-10-08T13:23:00+00:00,ciencia,https://agenciabrasil.ebc.com.br/geral/noticia/2026-10/pf-vai-investigar-incendio-na-universidade-federal-de-pernambuco
"Quais são os dilemas que o Brasil enfrenta e o que podemos esperar para 2027? No segundo dia do 17º Fórum Nacional de Integração Indústria e Varejo, Fernando Schüler abriu a programação com uma análise sobre os cenários, desafios e perspectivas p",Instagram,2026-10-08T14:30:18+00:00,empresas,https://news.google.com/rss/articles/CBMiVkFVX3lxTE8wT0s2SVhZcHI0OGtsclNHZW9SZ0FOanBUNjlvZTRQZHVTYXk0blVxY0JtTXRTcGZ0NGlYYzNuOVZEcDRTa19NQ3I0cWlRQzNiWG00bkVR?oc=5
Buraco no gelo da Antártida chegou ao tamanho de um pequeno país e expôs o oceano em pleno inverno,O POVO,2026-10-08T13:47:00+00:00,"antartida, internacional",https://news.google.com/rss/articles/CBMi6gFBVV95cUxNR1k0b0ljWVl3cEV4WWVJbXQ1MENtdVRlQXhxZUdWVElHNC1LNERma2RGSGVOaXBpNkpWNElQN0d6X0NmWXV3MlN4UVU0WW9tNjB1VXlDeHEwMng2NnlxMEFLX3ZiZlNDM0VxVlZRaGNMWnpMR0xIYm0zUzFkQlVNYlNoSHVZb3F6emhOTjVrUGR2R3V2ZFJxcDN5Q0ZHaVNoU1dXVDgxRWYzQXBOSzdteGdUVmxtMXEtXzl2WGx2Z01lYTY3d2dmR1NZNUpJb2gzSlVpVEpfbVBiQ2EzMXY4Z1Z4Tk9CdlQ2N2c?oc=5
"Quem disputa a política no Cerrado é mais rico, mais branco e mais masculino que seus povos",ArapuaNews,2026-10-08T13:24:00+00:00,sociedade,https://news.google.com/rss/articles/CBMiuAFBVV95cUxNTHVfMGpDUldrMDNQT0FKTDJ6QjVfWVhPQ1BUSnltd3oxVENMWmNPSXdJUkJuWmd2Qm5mOHhCQktzeV9fYXN4OTVTbko2NWhGYlZYZHNkVmg2TWZlRWN3aC0wUWJwVUZ4MU81c0kxMzFTQ0JTTWZEcTMwSVNHalE2R3VQSkF4ak5iRDFWZTFFVEdrRXo0Y0tHcmJET1c2WWZ2WDFwcnhValhBWXRCT0hSQWNmNGJtX3Q1?oc=5
Flávio Bolsonaro lidera 1º turno e reacende debate sobre economia e diplomacia,tmc.com.br,2026-10-08T12:53:43+00:00,geopolitica,https://news.google.com/rss/articles/CBMilAFBVV95cUxOYzNtVkhNT283aGZULUVOcXI1emh2VTMyd1dEZUdncmdoMmIzTnZYTnV1dzVobDV2WmMxNVpBS2VsbzhoSFlGeUJKY1pxV20zUWUtZFRYOVU5SzB4c2x6NHlVS1JVbEJWUWl2aEVGZVF4YVJRRF9nM1dEUGVKSUR6ZDNWNGtoTFpqOV9rOW94a0gxSl9Y?oc=5
Global Village announces country pavilion shake up for season 31,www.timeoutdubai.com,2026-10-08T12:15:45+00:00,oriente_medio,https://www.timeoutdubai.com/news/global-village-season-31-new-attractions
São Paulo-RG vence fora de casa e se aproxima da vice-liderança da Terceirona; veja a tabela,GZH,2026-10-08T14:46:10+00:00,geral,https://news.google.com/rss/articles/CBMilwJBVV95cUxNMjAyb2oxR093ZEZIaXRzaWNQNkhxTFBleGEzcHcwdFBuMzNNem1CSHk2YkdOemxkdzVIMUtOVlNMSTZJeDM0WjRENzZXSV9QN0JzekE5SWxjVG9sc0ZXY2wyVnYweFVreDZMMXFVR3JyVUE5UlNWSEUyRi1aUklybk1fb0ZNalY0SVcxR0FUOVhjN3JBTGlNa0FfdjVpMGZDemhMV0FaVy00Wl9XSThFV194V1VQUDJ2T0NFbjdfbFA4MUZEWmhtMHRfSWR6dW9uaV9HU3I1OVRadEV3d3o3a1RwLXNmSVIxeGQwWGdsQ1BiVVlwSTBlSUVuMEd3MXZwcUNIeU1BTk9DeTRjM1Vwd2FwbV8zYms?oc=5
"Ex-Flamengo, zagueiro brasileiro é anunciado em time de Hong Kong que também contratou David Silva",NSC Total,2026-10-08T14:39:09+00:00,esportes,https://news.google.com/rss/articles/CBMizwFBVV95cUxNZFUxblhBTHlwS2NOR3A0QkVVaEhRUEhFNzZEdEJ4N1dvT2c1N0VvMHFsc3Azc2Z4ZUtXV3hRV2lMLUZnVklQZVJXdlJOMlE5Wjd1cGZDQ0dYMXpOVjlYV3lYS2l0N29hM01NcTRXalJ4Y3p3MmJYbUpCM2VUV1EyUDlKQ0wxdW5NWXhqczY3MTUxMnhvbkdoclYyaWVOMFR0eFlFbG10M1JXanpxQjl1RkIxbDZrcWdRel9sbUNvTi0xTFlFOVZxMFdxOURSdG8?oc=5
TSE tem 3 votos para anular votos de Garotinho e declarar Ruas eleito no RJ,UOL Notícias,2026-10-08T14:37:26+00:00,politica,https://news.google.com/rss/articles/CBMijAFBVV95cUxORlJqV3JjY3VMUlMyM1BqS2xMVU16MFliaWQ5SXd6N0xDeHdhSFBuR0c1bkpxd0pyNXo2cER3UzZHclpZMGdPd21EdUNqUU1Hc1pMbzVZeVlUTU9xaktFcVNQYUhVQ2h1andpVDdLWmpoY25aLXFzYnBZVi1XOXJWMGxfdGR6aW5DQ2w1dg?oc=5
'Bold and inventive' Canadian poet Anne Carson wins Nobel Literature Prize,BBC US,2026-10-08T14:33:23+00:00,"americas, internacional",https://www.bbc.co.uk/news/articles/cq4g1j54nepyo?at_medium=RSS&at_campaign=rss
"Reino Unido e Alemanha enfrentarão ameaças juntos, diz Burnham em Berlim",BBC Europe,2026-10-08T14:03:10+00:00,"europa, internacional",https://www.bbc.co.uk/news/articles/cmwyq34qexdzo?at_medium=RSS&at_campaign=rss
Ásia Central numa Ordem Internacional Emergente: Mudando Parcerias Estratégicas com o CCG,Middle East Council on Global Affairs,2026-10-08T14:09:46+00:00,"asia, internacional",https://news.google.com/rss/articles/CBMixgFBVV95cUxObHVwcDc1S0c4Z2xEZ1hZSmlsX1A0OWxub19ZMWdOa0tYWjVrRlRPdU9Wc2pkdERab19IOEFWdWY2ajBMV1NfZ0RsZ3dNV3FlNENrSFEwelQ2eTZrSkZZazZkZkNLOHR6TUhOSHptczZEOVB6bkFoQmliUXlmdkltTkgtQVJnaVlhcjZZUnY0bUsxNHN3U2dWWU1oeW9DbTdjNDBvMl9tOWx1VEhTb3RsMWdqOFpFUThKWDczcXlmcWMtNE1xcEE?oc=5
Agência da ONU diz que El Niño deve se intensificar e ir até fevereiro,Agência Brasil — Últimas,2026-10-08T13:46:00+00:00,internacional,https://agenciabrasil.ebc.com.br/internacional/noticia/2026-10/agencia-da-onu-diz-que-el-nino-deve-se-intensificar-e-ir-ate-fevereiro
Nobel de Literatura: quem é a escritora Anne Carson e quais livros ela publicou no Brasil,BBC News Brasil,2026-10-08T13:04:34+00:00,cultura,https://www.bbc.com/portuguese/articles/cq77pjzyejkyo?at_medium=RSS&at_campaign=rss
Até quando vai o calorão no Espírito Santo? Veja a previsão do tempo,Folha Vitória,2026-10-08T14:18:15+00:00,clima,https://news.google.com/rss/articles/CBMijgFBVV95cUxNR0w0TXFkQ2hYX01hVHJBSFNSeGFiQ1BScWlzUkt0VlpDQVIwYlVvUnFjSWNyWGl1VnVUOEc2bnE1Y0NsN0FXcDM3V1U1NXFIdUV3Y2hFeGMyNFRORHB4b2hiYVlianlYR1hDa3JJemlVYUFfSkpFc1FYd2huYlJLWkszcjdoTmtVVWl4TDFR?oc=5
"Ethiopia: Landlocked, But Not Landbound",Mail & Guardian,2026-10-08T13:59:47+00:00,"africa, internacional",https://news.google.com/rss/articles/CBMiiAFBVV95cUxQb0ZXWmdLc3c1Y210WHI4OUdQWFRFTTFqLTJTWUF1THlhM3h2cEhiSDJTZDV1NGc5YkI3dE53UVF5ZTVibFBtWDBfc1QtUnYxb19OVzZrek1CSm1VM0lETTJObk1EVnZKVXJwbWt0eXJMMGxuMFliTGh6RjF0OGJsbTdHLVNPLWpi?oc=5
"A ?era da desconversa?, praga do tempo da 2ª Guerra, ameaça Brasil de 2026",UOL Notícias,2026-10-08T14:08:09+00:00,"guerra, internacional",https://news.google.com/rss/articles/CBMiywFBVV95cUxQZHQ1cnNreHY3Vy1vUHhWYzltX2dRT3N5dGp5bjlaYWtpNjR6THBfLW8xRjJEN1R4N3BsQjJ3T09mcmEzTnU3MHFENUJyaHFDM3hOcTZZTWdsMFJLX0lYaGN5aXhXdjJKUVFmR05JVk1FRzROVHVWanQ5d19Jdl9DSWpONWxiTnkxWmVMT3lqU2VvZFpyUDNFVzU5R2t3blZJQ1BBWjZ6S1pkZldFNndGajdDbXExTlIzU2Vob094THNXT0VMRVBCeEV2SQ?oc=5
"Após rali eleitoral, o que ainda vale comprar? Itaú BBA vê potencial de mais de 40% em ações do varejo",Money Times,2026-10-08T14:30:00+00:00,"financas, politica",https://news.google.com/rss/articles/CBMi0AFBVV95cUxOQzZwSWl4dDdYSElyRDVUYnhSdjlpSHpFbGJQYzNVdTQwdTlQUFRRRm52b2N0dDNaVFd2NDQ2NzZXaUhSZ0ZhRk4zbXoxS01tTkw1dlZNMHYtdnNucnQyb1loVXpienZOaU5hWk9abDdNQTdGZkxuX1FHOHQwWWNEZ2lvMWx4amRzYXN3QnhueF9wT0Q4TVhFdGlBdTlnZWlUVlpONS1CdG1JejhHMHlsQjk4MU1Ha0duTjlITVlaQXV4M2NjRnlvUmRReE1JUXlG?oc=5
Paraná tem alerta para vento forte que pode ganhar força com ciclone,Bem Paraná,2026-10-08T13:57:00+00:00,economia,https://news.google.com/rss/articles/CBMihAFBVV95cUxPYWU2anB0cE5vc3hsTWN2Yzc5XzFsLWJ2cjRITmJ3SFdPa2F2Yk5oUTBCV2VKSV9SQU1Dd3NDbGRFWFZUaDlhMExTWTR2SUplTWNsSkl6TllyZXBMWnlGdWE3OFZqS21DallkYm96R0ZpM2VqaEdLQ1NoMXVCVzZjMjlLM3nSAYoBQVVfeXFMUHlQbVdjSVdRa2lCSVBCTzU1X0xMZVlTNDdzaUFFLXNkR2hRT2d2NTBMOUhubS1ZRDNuelFEZ3V3ZWVuLWJMUWE0UW9IaUJHM0ZVYnJhZjEyOUJCbGlyWDhuVjVNbTlLb0hmNXd4Y2JYQjRxTFhSdERjZDdGX3AtZlRvOHIzWVJyUHB3?oc=5
"Aos 62 anos, Maurício Mattar investe em haras de cavalos e gado Nelore em Minas",Folha Vitória,2026-10-08T14:38:49+00:00,agronegocio,https://news.google.com/rss/articles/CBMi0AFBVV95cUxNSHdKT2cyTkJxbVBlTVVMWTFPYlhNeUdMSTVLSDJhazRneE9WSEl4bFJWaUxRZEVUdTVLUlJ4S1JZTzItSDBJbHBtU3I4N1V1UkxYa2pBWlRqUWE0eWJEa3FXZ3lLRXZaMjloV2doRm56V3EySzd3bHFZMnJlNFRzS3RqVDZWSTNfX19RZHBDSWdJRlAxTE95LTJaV05RMnNac0JrYnFiZmhUVEZTUXZhLXBoVnZTMFZkOXB0OWdXMEhya1lTRlNmOVc4N3lITFcw?oc=5
Sentinel-3C retorna suas primeiras visualizações da Terra,ESA News,2026-10-08T12:25:00+00:00,espaco,https://www.esa.int/Applications/Observing_the_Earth/Copernicus/Sentinel-3/Sentinel-3C_returns_its_first_views_of_Earth
Inteligência artificial na gestão de estoques reduz perdas,Gazeta do Povo,2026-10-08T13:52:00+00:00,tecnologia,https://news.google.com/rss/articles/CBMikgFBVV95cUxQcEh5Qmp1M1dfc1NJRE02UkczUWFoQUxlZFN6YUNFTlY2aGZOdDRrNFlpWVhGcUdKZGhaT3otQXc4WGJaUVpEQ01NYUtqXzFibVd1Q0JGSUlFd0NSbjdra05kdGVfM0Rsa3VsS0NNQnlEcm5Fa0ZLS2phSmtlR3dsN0JyMVJrS2d4QkFzdE9oemxhQQ?oc=5
"""One drink, please?"" Em bar de Porto Alegre, drags comandam noite em que só vale falar inglês",GZH,2026-10-08T14:34:28+00:00,logistica,https://news.google.com/rss/articles/CBMinwJBVV95cUxNMDJQOEVNS2gxUkRqUEJ2VGpfNDl2d1R6N0t6ckNPeS1hQkl2aVM0LThmZHptZ1NPRm8yb0tCSG1ZX2tTWTVFMHhhWDd2QkdCN05mYnJMQ0xaOGtjZF91YmhNMlVGSjRZZmZqT0JjM0pEekpoR1ZNSVltRjZwa2VvR1BoODRqbnZqQ2kwbmpUa0xPZFduUEpxWW9pWW5KZDRZQ0YwN0FVdnpma09tYV9teGtlRUMwM3RCdFFxRDJ0UUc3ZUlqYmJpaEZuTUZzamNzT2NkTXFNbWtheVVibzQ3RXpkUm5LVE03YWRIYXB2RzFpZ2lKTmR4TXM2NWU2eGkxVXlpNk40b3Z5VXIyYzhkVVMxLXRuRHFWem5VT3p4Zw?oc=5
Fundo climático do Pacífico arrecada mais de NZ$ 336 milhões em meio a apelos por ação,Pacific Media Network,2026-10-08T11:06:48+00:00,oceania,https://news.google.com/rss/articles/CBMipgFBVV95cUxQZ3ZIWmhqaDAwaU1zUWdxRXQ3UkhHSlBXaTdQYWpjNTczbzdacmNGbG5fYzBZdXh3aXB6MmZzZ2xweS01OTByakxBV3FIV1dXcVpTZzVNYWpyS2RuaGRNRWxtczF1YU1DQmg5eVZUUHpFVk85ZWIxSE9aMFJFa25SQWloWVpZaVdZNjY5ek5uWjJudjA3N3VRcUJTOTh4UnpRMmxTRjd3?oc=5
Vacina atrasada: veja quais doses podem ser atualizadas mesmo fora do prazo,Folha BV,2026-10-08T13:00:00+00:00,saude,https://news.google.com/rss/articles/CBMivAFBVV95cUxNMHpYYmpQTWczWFpGbjRkNVRtYXNGMThTVVhWc1N0SDhsTVEwUktmQm9SRVpGaEQxbkU2cEVfSTZ6NW1wdkpMcGZ0NWduR2FRdFgyVTRrLWNfOERnVGYxUThYdTVUZ19TbkJ5M3JfdXlQRTFvRDNxTFVveE1Ra3FZSHlpTTM0dlNQZEJRVHdVYkpXNGtXMlF2M2otdENDakt2d19UdVFZUUYwZTlQWlBzc2c4aXIzaFVSZkwwbA?oc=5
Wall Street recua com peso dos Treasuries e do petróleo,Money Times,2026-10-08T14:30:00+00:00,energia,https://news.google.com/rss/articles/CBMickFVX3lxTE9JTGRMSjhiTFhqcGRiWGR0WkRmMkpfMDBId2gwMGNzd2FUUEpZWGRGc2dfVllxbGF6dVltMFVFM0VfWTN4VFdtMlRILTB4WXl0UEtLU2drWjBNMWtubms2a2JRNktmb2cxV19NVzduazR4UQ?oc=5
Incêndio na UFPE é o terceiro que acontece na universidade em uma semana,JC,2026-10-08T13:18:45+00:00,ciencia,https://news.google.com/rss/articles/CBMizwFBVV95cUxOVFhrVXRpa2tKRFd1LXJxcXpoX2JYWDNhVnhKdVNEUzlkYk5oTDByZXByS2VtLTZxdmY3MEZXUnhuOW1UWFJSZFJHMWpHUlM3WGs2YXR2eE4wTGQ0bWs5a0sxNy1zWVI2cW5NMzA5cW4tRTFJa0hkUVFiZU5UajRoWXFGX3ZyTXV1azl6YzE4V3p0S2EzWjE0eW16YU9yd0x5dU9rVE13cS1SdEY1dV8ta241T213bUN6SnJoMjRFdW81cV9mbVphNnVDbkx5LTg?oc=5
EXPOLAGES 2026: abertura oficial com integração setores produtivos e conexões internacionais,Milton Barão,2026-10-08T14:20:17+00:00,empresas,https://news.google.com/rss/articles/CBMi1wFBVV95cUxPR3Q0WkYxZGF2Wl91VXdQTDYwc1VfQ3JZM0xKU09nMFBMM1c0VG5KZlFkUFYtQ09rb3FET05CUU03N1l3ZzJLNzRjVzVmYXhQRWpfSUtYM3RmaDFsSFZsbF9XQjctdzhyRlVaVWlMNDJKdnctSWhueFpSc09aTS16UmNlY2sxcmNlQ0xLUTFjRUs0bnJCVmE0R0lxOWtLZXJieTNlUC1TVUlxYUo4cndjd2FRUmp5NTlsNkhBLVBFVWVIeGxBVTdrU3FYR28wMlcxekduVUNPVQ?oc=5
Cientistas ganham Nobel de Química por descobertas sobre moléculas espelhadas que levaram a muitos medicamentos,The Himalayan Times,2026-10-08T07:21:34+00:00,antartida,https://news.google.com/rss/articles/CBMiXEFVX3lxTE1MUDRSblRLdXo1VGVEcVo4UGVUU0prSU8wdVlnb2UxU0hmWWptZTFyUGZ3bzctVHh3cmNQSzJiMkhGbWJkNWI1UW96eVhycWk5bFoyYzRnSGs4Q2Np?oc=5
Calor e tempo seco voltam a predominar no Brasil,iG Último Segundo,2026-10-08T09:48:00+00:00,sociedade,https://news.google.com/rss/articles/CBMinAFBVV95cUxQdWtabkpRd2pHbTdORGhJWVVVMWpBUm5UeHRVTnNNeE1zQ1FBTFltT1JUUzJVc0dDNFJ5bGxYZFppa3FCUTNuV1U4bVZla05vb0FTd21KeDV4eG1EZjlzMmtoZXdiY0o4WUhMSmQxcWJiMEJpd2hHb0I1aTN3azJId0cwb1FLTmZkWlBvX08zNzJyN3FHLU1qU21SUF_SAaIBQVVfeXFMTkFvdjh1b2pTSEF4M0htaVJGYTVtNkZ3RzhXajdOOHNIZTJHaGt3TFEwUW9landSVG02alZrMWNpMFkxVlFGa1ZzZXY2Qk94YklpTTNMY0hYX1BoamhLQXpXSVlBbTd2ZWNtck8yaWo1VUJHYU1kUXZjVVBYdkVUREYxSTdFSGVJZUE2NWVLNXQ2R25vTUNNcER2dldFSUM5Ny1R?oc=5
UFRRJ recebe representantes da Embaixada Britânica para palestra sobre cooperação e oportunidades de carreira,Diplomacia Business,2026-10-08T08:20:48+00:00,geopolitica,https://news.google.com/rss/articles/CBMi5gFBVV95cUxQU0YyS0hxMURQQzgxX3ZVRHpYR1MycGxqRnJnX3ZjeXZHWF9yR0VhRWR6Wm0yV2JUTVRTYmowNVhsWVRyYXlfZ1A4WGhwcEY1dkxwRkFlR29XaFhDMDU5MWFWTVJERnZLd2FLby0xWEdoalFOTldTTkUwTm9kX0RDVXNRbjRNOEVsdnlOYUw2VUlOejd2cW9meGpaVmFYallGQklUQkp3TGs0NVZjenZPWFNwMURfU0hyTFpmT2dGRkhBWF91SUtMZ3NJRVV6RlZfZ0taOS1pd2RLUmo3Z0t5c3M2NkZMQdIB5gFBVV95cUxQU0YyS0hxMURQQzgxX3ZVRHpYR1MycGxqRnJnX3ZjeXZHWF9yR0VhRWR6Wm0yV2JUTVRTYmowNVhsWVRyYXlfZ1A4WGhwcEY1dkxwRkFlR29XaFhDMDU5MWFWTVJERnZLd2FLby0xWEdoalFOTldTTkUwTm9kX0RDVXNRbjRNOEVsdnlOYUw2VUlOejd2cW9meGpaVmFYallGQklUQkp3TGs0NVZjenZPWFNwMURfU0hyTFpmT2dGRkhBWF91SUtMZ3NJRVV6RlZfZ0taOS1pd2RLUmo3Z0t5c3M2NkZMQQ?oc=5
F1: FIA conclui apuração sobre falha de software no GP do Bahrein na Malásia,Terra,2026-10-08T10:06:00+00:00,"oriente_medio, tecnologia",https://news.google.com/rss/articles/CBMiigJBVV95cUxPVWVveFNxM0dfQVBrUWZuaGNuSzE1dnhUbFpjQU5yYVhPN0FDZllsZlVMdXIycmNCcFRYY1huaExLQ3E5dU00Nmt3YmhhMTY0bmlJUHR5THFZZW9sWHpLQU9YMEJ1VHlOSkdXV2FHeXluZlFLLU5Wa09LU0xlY2NiNXdfb2NSQ0I0SzhTMHRQVHA5SGIwT1plWDI5SG8zUDdEY0pkNEZOQXo2SWFYRmI0ZkM3RVYxeERQOUpKcUk2eFpPZEtIdVFSNF9fX1NnaUY0QlA2V1NOZzBoYnU0LWJwSE5GTUpydWJkLUNUQlVlckh4VG9kaVNjX1ZFcGpSaGZBcUZUQnRleDZOdw?oc=5
Golpes do Pix em 2026: 7 sinais de que seu celular foi comprometido,A Crítica,2026-10-08T14:45:59+00:00,geral,https://news.google.com/rss/articles/CBMirgFBVV95cUxPSHNkV3lkTTRMZkktNzQxV2xWMmY4SGJjWUdsZjZFc0hVSHpTQzVJR3V5MUFBNzdRVjI1SkRiVVBIVHplbUdUYWQxTEVtdVF6bk9ka0FiWGQ1eXhVa3JKeHkyV1MzY1plM0xDQlpDYmlUempuRG5tRVY5Q2tOU3Q2bmVVakFaX0dEZWxfRnJpbGFXRUh2NlhOeXd5Njhya0pzZVgxTV9GRVIweF93Z3fSAa4BQVVfeXFMT0hzZFd5ZE00TGZJLTc0MVdsVjJmOEhiY1lHbGY2RXNIVUh6U0M1SUd1eTFBQTc3UVYyNUpEYlVQSFR6ZW1HVGFkMUxFbXVRem5PZGtBYlhkNXl4VWtySnh5MldTM2NaZTNMQ0JaQ2JpVHpqbkRubUVWOUNrTlN0Nm5lVWpBWl9HRGVsX0ZyaWxhV0VIdjZYTnl3eTY4cmtKc2VYMU1fRkVSMHhfd2d3?oc=5
Tite lamenta revés em casa no Clássico da Amizade,Gazeta Esportiva,2026-10-08T14:38:00+00:00,esportes,https://news.google.com/rss/articles/CBMiogFBVV95cUxPa3FfRklTRjM1TWtzdExDV1p0SlNzNk43clBrZGNON0t4X0xhWEVEM1c5Uzk3QWxyZFB3MjY5Z21SRkdrVHZPWkZWTFZkZnQ0Ym40LW5fdGRUWUNwQWMzTFc2cjdkR0xQVGhKVnNCcHFQWmtqUElqWHFPR2lCcGVXWjV4Z2Q5Z1EzcEZZeHJvZm1mZ3ItNDM3ZTc2WnhGRHNQTnc?oc=5
TSE tem 3 x 0 para anular votos de Garotinho no Rio e pode definir eleição ao governo do RJ,Estadão,2026-10-08T14:30:00+00:00,politica,https://news.google.com/rss/articles/CBMi2AFBVV95cUxQYTJnLWlRS3oxanVtLV9fWkpsVkZMVVFQcGotT1JZRU1wSVNXZEw1TE5tdGlUWVl6bnNIZDlhZDhXTzRWVjUtb195TXktQktwc3Jzd3dJOUdpQ3cwRExsaVdqZVhNbHJWdlFsbjhzSlZTN0NaUy1yNHdBdzZOTjNBQkZudVZ1MDRTYnRaVl9Sa21SSm9JRUY3MjB3YURuVjM4ME1EYzlSMV9uZ3N5YWlXM2h2UnNjNVI3QzlxbGpTSWtsZ0R6SGRBXzZ6cWFwalhvaFM3R2I2T2LSAd4BQVVfeXFMTUhOS3IyU3pwMk4xYkZtcnhldUZFdURZdGFIVDBhUnpobzNMWTBhTW8xQW85X1ZqNVJYSldCOXpXMzRXNVVWWGxPTUVraGM4QjRaSkRXbG45WkU0ZDM2VEhhZTlrbi1vZlFkeHlGV00xYllrbkc5MXJINEpiam52SGI5c0dnV21NZWp2WW5IcWhQLXhDNGdYdFVIZzdwMmJOcDRiamlHMnBfd0Q0M1hua1h4YmZhWUYzbVNnV0w0dzNKVjBmRTF2NThBRXZaaTRITmpMWFhGRUozNEdjZ01n?oc=5
Irã analisa resposta dos EUA sobre reabertura de Ormuz,SBT News,2026-10-08T14:25:27+00:00,"americas, internacional",https://news.google.com/rss/articles/CBMimwFBVV95cUxNc2tPeU9rMTMyZUdqejhuQXZzSzdjUHlXWlQtaTY4TFJKa0c1SHNCdmo5Sl95Y0RGSnRibWpGYWllMG9oTkp3NG5Uc3U2V3RIb1VEUGs2RGZYSGpUbGdsTTRRTmpoRG5zbDhMaGZjQW5uSWpvYTB6NlE5Ymc4ZTJzZEpxWXRvNWFpZVEteExodk05ZEZoYVpnUUpmOA?oc=5
Endrick aceita ser emprestado mais uma vez pelo Real Madrid para recuperar espaço na Europa,NSC Total,2026-10-08T13:59:00+00:00,"europa, internacional",https://news.google.com/rss/articles/CBMixwFBVV95cUxNOGVha3FjQWtoR1FfMDVvWnBhRFEzSW5KUVBXLThOTFhNTUNQOVNvUEQweExuWkhsUGp5STU1cnhwZlhPcE1XOHlCbjNXSHJyMUMwZjRvbUh3QTZHY240ZjBGYmxXX3A2SHZBYVdmLVZYY1RZZEpLa3B5T3Atbzg3RWhwUmJFVzRidW5uWWhibGc4YjBLXzRzZjRCR09aSlJLQU9mMGxsR1BGSlp5TEpfWXNUeE1zZkJJWVlfZzF0a3hUenZlVUR3?oc=5
Yudi Tamashiro compra casa de três andares no Japão e mostra reforma que vai incluir cinema e jacuzzi,NSC Total,2026-10-08T13:40:23+00:00,"asia, cultura",https://news.google.com/rss/articles/CBMi1gFBVV95cUxOOUdPTVNOSkMzdXh3MC01UHNJZDJwWVlXRTVxVFVmTm90UmZxQy1KeVdYdGtZbldib1lySklZNGFmbmIzd3dweXVUSmUtczN5RWVhaTFBQkgyTnZBZVNIWDlQeE1tS3oxMU5LRVZFRC00MjlqV0xlN0lNVy1handiZm9Jak5nLTBZaExQUmFDRkI5Z3hKbDltV2FkZ0FGR0dYZVF4NHNnVk95ZFl5RU9DMlUwSFBJQUZ4VndDYTVpU1NQUkM0c1hrbDlJZ1FDSnRJNjBTV0tB?oc=5
"A Austrália precisa lidar melhor com os testes de moagem, diz Cummins",The Economic Times,2026-10-08T13:33:07+00:00,"internacional, oceania",https://news.google.com/rss/articles/CBMiyAFBVV95cUxOWXQtQXY2UW8tdkkxYkxYX2JLZFdTMkdJUVFFb0Jtd0V2Y2VmZl9vbmlIaDNaTUNiZ2ZOTXdRd3VzYWJfZ2NfOU5tOXkyLWhQdm9zVEFhalB4RmNXeDJad3hKandlN21CaHpmVGRiMGxLR1Q3OVl4ejhTbmhRTXozeEpwSzFMTVpvcG83NjNvdmNPS0Y4aTl3SWlnLTJyU1JsNG9CLTdoWF9tY2hMdTBEUlhlTjU2T0ZrOTQydlBDakI4NEl5V2pvQdIBzgFBVV95cUxOYTJEaGs4YzlzbERpb0lBQTdXTVVQM2xlVk9TRHZLSDZtTEtmUDRQNGdHWGZhTXc3YTJnZXBiT05mbG9taC1oQUdTZWN3V0FfbWZFUFIwX1lFa1FKX3d1MUhlZG4yWktwSjI4NmVkYVBseEprSFNzaUIzYjg2MURTZU54ZnR1VmdvTVdCbkEwQ1FLT0NEcUpYdjQzR19fVG51LXFoOGZJVUNsNVhBVTlyZHBrYnEzRDNpWFRLa3ltRmNFWTFnX3RXUEhJVjd0dw?oc=5
"Sessão da Tarde: Qual filme vai passar na TV Globo hoje, quinta-feira (08/10)?",O Liberal,2026-10-08T14:05:21+00:00,cultura,https://news.google.com/rss/articles/CBMixAFBVV95cUxQU1liQzBxMU95Y0s5aXVtVzFCd2tzV1BBbGczWVppR1lJUEhlWXkwOG9QS25aeHEyX3RqaGFXLW9sNVE5ZmVVZ19ueWJTVGZOMWtKTmxVT0FXMEo2T2xOX1d0cTV4eFZYZzZJRHZYYzNkUHVqbF9Wdi1UcTExbFVjXzRvMnF1WUU2cjdFbC1qb0Q5Zy1sM19lU1AzWDJPN2VMT1E4X2ZVeTBDOGthandZaVZmU0h3WTRhSXNyWDlIWG9FTG9X?oc=5
Meio Ambiente e Segurança no Trabalho # 5: Atualização da CIPA incorpora assédio,Jornal da USP,2026-10-08T13:51:00+00:00,clima,https://news.google.com/rss/articles/CBMivgFBVV95cUxPM3FGdmVaVFdoSnVTaDQxUFNmRkhmMTgwSWdxakdDMUhZb0dkQjQzR3NaWjZnTF9iRHMxNUMtcmtSeUVTSWxDamp1UFlWVWd4UTl0RnJtZkNyRVVWSTlNR216MmNtRnJ1dGhmNkRLZmV1MldTNF9PS2ZTZF8tZ0JlYnFteUF0Rjd0c096ZkJzLS1fbVFaNHpfbVg1a3ZIZEpoeW1TbDdONTRjVkFSa241LWw1ejBNQkRDZmZ1a3dB?oc=5
UA nomeia Sifiso Falala para liderar a nova agência de notação de crédito de África,Businessday NG,2026-10-08T13:38:00+00:00,"africa, internacional",https://news.google.com/rss/articles/CBMirgFBVV95cUxNdm1UTWJtZTJCQnRvbFV0cDQyUkhOVTBOaWxVMXY1UDNlNG5UeGhhZk1iQWtHU25CV0VXTERWb1BoYnU2c3Z1UTBZNHBodTlGcEhtbHFvM1ltaV9nYnI5aUFBNFliMWUtUXROT3ZCdDNFNDhMbHZEMWFCa1dIMWFPUEtQVThlQllZNTJjTHEwS19HUjcxQUhtV3kyQW5fdmoxV3l3Q0huRmhjakhDN2fSAa4BQVVfeXFMTXZtVE1ibWUyQkJ0b2xVdHA0MlJITlUwTmlsVTF2NVAzZTRuVHhoYWZNYkFrR1NuQldFV0xEVm9QaGJ1NnN2dVEwWTRwaHU5RnBIbWxxbzNZbWlfZ2JyOWlBQTRZYjFlLVF0Tk92QnQzRTQ4TGx2RDFhQmtXSDFhT1BLUFU4ZUJZWTUyY0xxMEtfR1I3MUFIbVd5MkFuX3ZqMVd5d0NIbkZoY2pIQzdn?oc=5
"Após guerra por barulho na madrugada, 380 famílias de condomínio vencem Carrefour na Justiça",NSC Total,2026-10-08T13:11:43+00:00,"guerra, internacional",https://news.google.com/rss/articles/CBMixgFBVV95cUxNY3VDeVhsZ1lKUFB5VkFnaTlGWU5rdGdvQWlDdmZ0d2U5dDhtZzBaNDktTGVUVlVYeXN2V3hKbDRTT09IZzV3eGlBU25mT3NUeGZKaE9Cb3RwSEJsZFBXdG41SFhqbjBuUExnU1VqV09CNnVGZUl6c01kc0ZDT3dtcDlySmFvUHR1eS0wU0ZUOFJ2RW42VEE1Y3YyZFJrd2JrQkg0Zk1YRDl0azlPOHRpclJrN3duY01reDB6eFNVS2wtQjNsWnc?oc=5
"Reajuste CEEE, dólar, Ibovespa, mais agenda e pílulas da economia 08.10",GZH,2026-10-08T14:02:53+00:00,financas,https://news.google.com/rss/articles/CBMigAJBVV95cUxPSF93bXJnVEdOcmYyRlhYYTFUNUlQTkcwdmVzV2d1TzBkR0JTTE5IMlc5c252bXdfR3NWTTRPcGUxX3BkQ05oUWFsV2RHcFl2ODdWeVgzVUh5TmU2bHg2bWczdnZMLTNnQk5Wcm0wTEJ6bmktUDhxQlRxeEhVOHJsZFluenlkZ3VSSjRHSWh4LWtyLS1PX2I3RWtwZ1JZYXo5WXJqcDBaQmlMNG1HSTZoV0RUd3VZbHNRNk94TzNSd1Q5eFZ3Ymx2R3ZadTM4ZVNIYmRQNHplbzJwaXJmd1RrRDNRUklNTTFRRk5TR1F0RjBHWEcycV9FY2l4QldFWTJH?oc=5
O que é cláusula de barreira e o que acontece com partidos sem desempenho mínimo?,JOTA Jornalismo,2026-10-08T13:24:29+00:00,economia,https://news.google.com/rss/articles/CBMiwwFBVV95cUxOOVV2dGhmUlFtVlMwYUZvdm5VVEFLWnhtb0stZ1YxaU80NWVqRFF2RWZuTGVIWWNkaGpINHhQa1Z0Z20wdFZmRWk2R1Y5Y05ha3pwcEZMWkpyb0Vfc3Y4NGdsNEJTWGZWdXlLR2RPTC1zaHpmYzFOVVRqMzVfVXhpT2NjSHllZEtnY0hIUGJ3X1h6ZTVCa3FBUGNyaVFxWWlBYTl2Nk5TWVcxLWp4TlRsUGo0dGUzRk5UdUFmeklreHRZcVE?oc=5
Grupo Ceres assume risco de crédito e movimenta R$ 100 milhões para impulsionar vendas no agronegócio,Notícias Agrícolas,2026-10-08T14:28:11+00:00,agronegocio,https://news.google.com/rss/articles/CBMi_wFBVV95cUxOZVBPSk1xLVNnbjlNLTFnXzNFMUk4Z19wYUFkaFpXRnZmOFNGSWctV2w0YkFrTHJicHFreHFfamQ2RFdjanZnTktGaXJxMTJKUkhaVnBqcWtWYlY4UEpuakhSVTNrYkVZTUUzbHJ1S0JXUk5TMlczMkxtZ1dRX0VLRzc1Z3liRWlCQWhzRHk3b2J1TTdOc0RKWUxuNkotUlNOV2pJZGdMdUU5MjJpZ0stSTF0dVlCSFk2Z3ZwNnlhVXRiS2tPdUN5RERJWEhPY3hyR2NELU9WdmljY3k5MmJudFJ5WnRtRW0wMGhaVEVpdUhXd2JzSklpMTFtYmdjSkE?oc=5
"NASA enfrenta futuro incerto enquanto a SpaceX planeja aposentar o Falcon 9, Dragon",Florida Today,2026-10-08T12:07:00+00:00,espaco,https://news.google.com/rss/articles/CBMi9AFBVV95cUxNTkhicjRIVFEzXzZOcFNYbjRHUmpnMWJVSm00YVNQX240cnRURzdnelIyWmtja2pFNWcxLWI1aE5PbFl2alF0WWFSNHZIZlhZVmNYclNsM1IxeFZGS1BSYTVzMW5OREhrQ3dMcjlUdGMyN19XTmlxUlRCSjJDYmxMWjlZUDhlbGZmXzRsd3p0M1B3bWZFWXNQYk1CcmViM0dtZ0pCbF9pRGRmR1NOZ1NORnYwOHlvWkJqcnA1YXhpZDZuWFhVSmZ4QzEtb2VCWjJwdkdTWkRMZmc1cGExMFlWbGxpNVpYRjNnaTc1bDN5LVZrdG0t?oc=5
"Quando a inteligência artificial ameaça a democracia: Big Techs, tecnofascismo e os desafios do Brasil",Terra,2026-10-08T13:31:00+00:00,tecnologia,https://news.google.com/rss/articles/CBMijAJBVV95cUxOZHJiV0lXR1BraURyQXZyVFFrRDBCWUJEREZOUDlwOEVJRHJxNVEwRzhidlZZN19sVWgwOEtXYVpUankzNHY5N3hDTGtGSXh1Q09TdVdHUWRIRVU0UDFUX0pYQVhLTXJmRmdpUHk1Q2NMNnBwVEdza0tTWndGMTlNR3JNR1Y3VmVJc0JIaWU2bEFOOHZfNnZjcnJpaVVYQjJhbk9qTU4xNXpoVXVqOEQyRTdfYkN0RWdoeUR1Q2RGaGhyV0swMGFqeGRCclAySElVTXJZREI1UXpRVEw2cXVaU2xfemkyZXVRVVhyY2Rfc0JBQUlTVEdFdzV4dWtMd3VxNjBHVEo0d2Npb0Vf?oc=5
"Da Amazônia ao Sul, a logística determina a prontidão do Exército",DefesaNet,2026-10-08T14:05:23+00:00,logistica,https://news.google.com/rss/articles/CBMipwFBVV95cUxNcGl6NENqWkk1OXNIWWhZR0VnbmlQQlpyTXNRMzNZbDh1UktqZ0UxQVRfUE5Ld3VaMWMtR0V3MnBBTG1neEJQVkdrcFU2SVYzbGQxTHlwT1VPOTFnQndYcFVXOXdfX2VTYUlGUV92ZjNOemtMNjI2QVp2NmdXNWNsUklDRlZrZlNCWjBVR3FJakZzMXl2SFV6b2tYNjc0OHExRkgwMlRZdw?oc=5
Os carros alegóricos Minderoo da Forrests planejam forçar os gigantes da IA ​​​​a pagar aos artistas,The Australian,2026-10-08T10:34:33+00:00,oceania,https://news.google.com/rss/articles/CBMijAJBVV95cUxPLUxQa2xpa0d6QzQtNXZhRXFNcnZSRm9MOU5xdDAtbzRLZTVVM2RRWlNmUGlFemktUWtNa0lYZEMtU0tENnVtbmMtRTlDRGRILTFOWnUteFlDbmp6dXVTTEFXei1qS2d3QnYzeVpaMkVZQ1J0SDVtSFlPVUlEVGNiN3ZvcVhkci15QzhPSGhUWF9qSUhxT0FCX0RwX2Ztblh6ZERFN2RxWi0wWUtjc3VuTjV0TUE2S1ozWkIycGtJSnM2Y3daLV9BcmRVOWZUYXVpQUlZZGllZzdERUd5VkFRRF93b0thRmlENTdCQlREd2hhMDN5RGxlVlBWeGo5dXYyckRVRDJyMGxMZG5J?oc=5
Caso Christa Pike: condenada que sobreviveu a duas doses de injeção letal volta a caminhar em quarto de hospital,O GLOBO,2026-10-08T12:41:47+00:00,saude,https://news.google.com/rss/articles/CBMi-wFBVV95cUxNOHFmOGFxR2pQN25zajU0aDkzdG5XM1Z5V3hvWjhaUElRTkpucTJQSHhBdDAtaGdOS2E0MEFIS3RVZG1fV2pyaDMyNmlaZnBvTUNZc0dIMDVpeDMwS1lPNzFUbWMtWkN0Nm0wMjhvZnZZeXltU1N3TW5pTnl0TzROZ2ZSQi1xbWJYN1psMDZZYWUzNFJYaW1tdlJhVEdYcFZWV0Nia0RGdXNNLU5VLVBuYnJYYjhMYUxibEtBTXh2WXNHakJPekRCRHVpdEg2YURTaWhOWlR4TzI3WS1KTkxrcWJVQzdIUDhaQmtIakJwMlBpaXZFLXJvOWNrd9IBigJBVV95cUxQaXlwMjJ1VkNOeVFHaDI2aVllU3hsb09qNF9fU0UxdnUtOFhMMEJFeFcxeF9oTWxhNU55aU1YYmlacnowZmRzMEpMa2Izai1fQlJONTBkMUdNTGFkalpBajN3eV9CQzFKUG1wcnk0RlZHYVBYZWthSXlCcHZla2R1TmxIR21YOV9xQ0JJTDhNLXFVeUZmY3c0eGFId2UzRHdadVhnbS10WVZQSTdUV0pGbUNYR05ZeWd5Zy01dXV0Zmh0UGxOcU8tc1Nua2VpN3VKNkNXNzJ2TmR6bElZbWVTeHZycVVLUGthRF9TSkN1YmZfUDc1YXRZZHlWalRQRy01LXFaVGZhamgyZw?oc=5
Justiça dá 48h para ANEEL analisar pedido de data centers sobre acesso à rede,Agência iNFRA,2026-10-08T14:29:00+00:00,energia,https://news.google.com/rss/articles/CBMirAFBVV95cUxONHdxdTFXbWRuZFZEQVotc1N4aEhKTFh3ZjkwSm5jdGhZSklHSWFkcnpJMFpFZVdZU2xDRktIaWtZSkx4ZWNpNV84M3NVekZRbTNUakJRWVYtaVlPUFM3TFlyTmRTVG1WcFY3d0NicnJDd2tJMmtRMHdOX2w1YnA4WUE1c3BGU19OZzNFSXZLYXBYbzhkSndrRWc2WldCTUUxMnQ5VEhic1hQTVRt?oc=5
"Faturamento da indústria cai 3,5% em agosto - Portal IN - Pompeu Vasconcelos",Balada IN,2026-10-08T13:49:00+00:00,empresas,https://news.google.com/rss/articles/CBMihgFBVV95cUxOdVlYSDFObDljd3FvS25YSFIwbFJ2NWUzbVZDSEYxWC0wQ2dLTU9pTFBsMVJOcHBURHdjY29yTVNiRVVvX1BXSGx2R1Z6NlNRa1dCd2M5X1VpcHE2RlFtSll1LVZZSkQ4TG5ESW1KT1NHTkhlYldCbGs3WlNmZUN4Qkp3SDJGZw?oc=5
O Nobel da Ciência de 2026 foi atribuído a descobertas de décadas atrás,Open Magazine,2026-10-08T05:31:37+00:00,antartida,https://news.google.com/rss/articles/CBMikwFBVV95cUxONnhPeTlWLTg2Y1NKb1lMQlZDQkxmS3ZqY0xGVC1kYW5qQlVvdGlUTkFCNGlNdi1QWno1WV90RXcydXhpWFM0Wk9kQzdwOEItQWEtc1U2U3YtUEVvTnNiQXFvcDkweTlhOW9HcGhCQ2JwVTZLd0xSSXFmQXBpN0xWZ0k5YktwenlPSnJoMGlkc0N0emc?oc=5
Estudantes de Nova Santa Rosa participam do encerramento do projeto “Justiça e Cidadania também se aprende na escola” | Prefeitura de Nova Santa Rosa,Prefeitura de Nova Santa Rosa,2026-10-08T08:18:37+00:00,sociedade,https://news.google.com/rss/articles/CBMi4gFBVV95cUxNVklDbFRuVFZ5cWVyR2NZamlUclczcnYtQ1E0elpkTzU5NE1vbHRZVTNrZDRqcEJlRHZmd1dJQkNsQ19yUUpOX2tTSXlwX1VHdThFbmd5a2RXakpycEhIb1N6dWt5SnBZMXBxTWZONHNqS1MtNmc0MDFmOEppa3Z6c0VWNGR1N1VORllXQTh2N0JreFU5UjBvVzFQVG5fdHU2Ym0xM3p6dUVmMGxscDkyNVpfMi00c1dTUFNtQXBXVTJndzBrekl2YlFlc29JNjFoOC1GR1hUeXFTVWY3ZWEwN0hB?oc=5
Programa Amabio realiza III Reunião do Comitê Diretor com representantes da cooperação francesa,Diplomacia Business,2026-10-08T08:00:32+00:00,geopolitica,https://news.google.com/rss/articles/CBMi0wFBVV95cUxOc0o1ZlhRVHAzVXp2X2hNTERBQ29HdnE1ZVQ5WEhDZ2hJbjVscWlvSWRpWE9FZ3UwSmlCVm9GcUJYczJsR1B1RFBzQ01iSTVrYnV3MFJuQUZOS1gwTEdzRnhwVzlwQkQyb1UybjhOc2VpRVJKeE5TbEc0SkJlcnBpZW50OU5WNVQtMnlCcHJBY2xqN01jSDdUVEt0MU4xNTdOQTVtYkM2Mm9URGtJbmszX1RkMGFGUDlJVmJ3cUk4SzNTR1g1TkpSRjBhX0pELWRkMmtF0gHTAUFVX3lxTE5zSjVmWFFUcDNVenZfaE1MREFDb0d2cTVlVDlYSENnaEluNWxxaW9JZGlYT0VndTBKaUJWb0ZxQlhzMmxHUHVEUHNDTWJJNWtidXcwUm5BRk5LWDBMR3NGeHBXOXBCRDJvVTJuOE5zZWlFUkp4TlNsRzRKQmVycGllbnQ5TlY1VC0yeUJwckFjbGo3TWNIN1RUS3QxTjE1N05BNW1iQzYyb1REa0luazNfVGQwYUZQOUlWYndxSThLM1NHWDVOSlJGMGFfSkQtZGQya0U?oc=5
48% das pessoas mais pobres da região vivem no Paquistão: Banco Mundial,UrduPoint,2026-10-07T14:36:32+00:00,oriente_medio,https://news.google.com/rss/articles/CBMiqAFBVV95cUxQWmQtYlU0ZEk2cDBpVVd1THpIVXM1QVN2V1A3OEJYZGctaUJrQzFBMU01T0lIT2JqN2hRbHlhS0dSdzdwSk93b1ZWejNZTFhYb29CYXpMS2FMUWwzaWE4VWs2OGZud2lFZzdVN0pTRldXdExaUC1FWTR5aTRFWTZ0cEVzeWNNc25xYzYwaXNFdXRIbmdVWUZfVjlxMXBqTm9PMWVTVnVaMTk?oc=5
"Enquete A Fazenda 18: Parcial mostra como está votação entre Ariela, Renê e Thaíde",NSC Total,2026-10-08T14:42:39+00:00,geral,https://news.google.com/rss/articles/CBMiwAFBVV95cUxOblpmMi1tcWVZQXRtLWVuZE9IZ3llaEtPTzVWV0hpbGNwODlLRGFsbkhreC1zczBWSnJocTFJa3NKb19LbmJhZWdnUThRLXRBVTlndzJtMDMxTGt2WFVsUnVibi1UV1FBOHR6aE5MZXhDcXJFSXN5Q3k5d2x6b0tNQ2RxNm1SLVNwYnBHY3JxNVgtR0pqbG9vaWhSVkdkOXlhcUpsbEk3TEJzd1doTnZjc1FUSjhVOEl1V1dKNTNEU2E?oc=5
Gre-Nal do rebaixamento: Grêmio 57% x 51% Inter,Correio do Povo,2026-10-08T14:37:32+00:00,esportes,https://news.google.com/rss/articles/CBMiqwFBVV95cUxPd1UwbzZYRlgxWEFfRndSUEx2VzBRdnNGWkhpSVBCcjNuNlRtYUJDcFBKRG1pU045dGVzTjVUZFUxQ1ZGcDJ5ejUwMHplVExwX1A1MkIzRlVERFFFR3dTMFVmWDgxeW9qRFdES0VyRVVyaFlEWnNuRGV2Q19uSHpab0xkWlB2YXA2U2hhT2FkQWc1WGpXb2hsLTFRSXdNWmp6OElEWEVua0hEdW8?oc=5
"DF, o espelho do Brasil dividido",Jornal Brasília Capital,2026-10-08T14:21:00+00:00,politica,https://news.google.com/rss/articles/CBMiakFVX3lxTFBJYlljMnBnWjZMYm1Mck5ZeGlPSDMza2JHWWt1cHdpTV9xVXdvZnRTaDR2WWpZaFlLUW92UTVJS3FDMWNJMGVUSW53Z2pFUFVOdlkxb1Z2RGV6dlE4N1RhQ3dKZDBiYVhhX3c?oc=5
Tempestade Isaías se transforma em furacão a caminho dos EUA,UOL Notícias,2026-10-08T14:24:41+00:00,"americas, internacional",https://news.google.com/rss/articles/CBMiwgFBVV95cUxNc0daaDBkcTJfSVB5cHI2cEF4ZUJJSDVNT1EzVWlsaW1VLXEydEQzX2VqYmF0OHZ2eUNHbktmNmVnUEpCREdORjk1MVFCa0lDa2FIQ2JYa3ZHQjJnanZmZDVqeEJ3ZHlGV2dGSndDbThSZGJvTEhLRS1veUN5ZlZYQU1qdHdNei1tNDI2MjdBRG05aUE4cXB5OWZLV0h6dDBYV1dJeHhqYUlNWHZ5c3F3N2lRb3FvcnYxaHZPSXpuSV9rZw?oc=5
Rússia nega 2º contágio em caso suspeito de peste pneumônica,Correio do Povo,2026-10-08T13:56:48+00:00,"europa, internacional",https://news.google.com/rss/articles/CBMivwFBVV95cUxPVUF6THRhMXBhSHNkdjJwRzM3dklwZ1JkZWhwOFJLZjBPeHE3eEstVGxRNllYNEFrTnlGSUNzN3ZJWm91RkRuWG5XcU1kWkEwSVBhNHMwOGZuYnNtRHFkUjVZb2pZSVNjYTJhWDRVSmRYQmlpbThKNzEyOEI4ZERfUkdOMXo5bGtvNTJHNE5oNkwzUGJFWV80YmJBVWdUVGZxMGlmLVo1em5rcERZNHItd3RnX2tjX3dONUk4ZHJpNA?oc=5
"Paquistão fora, Bangladesh dentro: grande mudança no troféu dos campeões hospedados na Índia",ABP Live English,2026-10-08T13:31:53+00:00,"asia, internacional",https://news.google.com/rss/articles/CBMixwFBVV95cUxPU2Q3ZjlDTjhkTnVucUVvdVJ2empWR0xCbHkyZ3hnc2NicWMybTYxeVlFdzJ6MnFxaW9rd1RVbkNBNHpHZjZrN0cyam41ZnY2c1lhNThfclpOTTJaeVBPaE4yZ1B1dktsZmpscV9FVWJrdmk2TExrcVpkelFEakhEWTEyR2Y5ZU1EX0luUzZyUm5GNU9aLUs2YXF4b1R6Ti1uT1owNFBpY0dSMnZUV1lkbUxxQk1jcVZxZV85SE54MGJPNGxHTDFz0gHMAUFVX3lxTE15S0FBR3hTdzFtaFlud3hhM3lxSU1QVGNqcGJvN1FTSEZMNlZkNHJvZjluSnZrVGdHZ0F6ckZTcHJwdVVGYXF1RC10SDd0V0R0cWdrdDdaNUhNYm9yakpZOFN2cWV3cEQybnpudExTczgyVzltNHJtdEVuNGRWdlMwVEVIeHcwV1l0VVkyU0F4TFlxckFQQWg0aWRjUTZFR1lyb1lCNE1QMFpyYWVVbXpYaXY1Nm9qR2Znc0hfS2lmNDcyb21zWkwzc3ZZSg?oc=5
"Em 1995, o programa de recuperação do kākāpō começou com 51 papagaios, dos quais só 20 eram fêmeas: em setembro de 2026, a Nova Zelândia anunciou 90 filhotes em uma única temporada e a população oficial chegou a 325 aves",Olhar Digital,2026-10-08T13:07:00+00:00,"internacional, oceania",https://news.google.com/rss/articles/CBMi6AJBVV95cUxPQml4MmRBSGYwN1VuRUJrbkJfVGpnYUcxMGtVd1lMVzdrQjhqbjQzOUZrYlF3QktSWkRKU3kyLV9GaHVUT2FibmlDUWc0T3c2UXEtdHVxakV4OWYzWm9qVDBCcW5paUZYTWpoSVdtbXF4REZWUEhodUJaSzNaaElvUjZQRGJ4V2IyNUFKSmlnNHJ1X3BSaVIxQWktRkxKUEdUaF9JemstUURUb2g2QkRXT3RBbHlBRlR5YmpiNFFQWTZLT1FyVURVUGozZE9jZ0dBNng4OG1NTkJKMUJ4Q3NpelJlZS04LVFaT2lyeDVUaEtNX2txVEo4WnVKTU1XM0puM3lLVTZMdmU0ZXNvV1BhZF92N2w5NjJicm5obWZxcEV6TldfNjBlQklncXRRZzFfeUJ0MWwtV2ZXck9lNWFEVllfamgyQzh3ZnJHTDFMLXllQ2NtNlRESUwyc2pYX2NRck9XUUFXQTg?oc=5
"""Choque de Cultura"" faz 10 anos e retorna ao Omelete com novos episódios",CNN Brasil,2026-10-08T14:00:02+00:00,cultura,https://news.google.com/rss/articles/CBMisAFBVV95cUxPVmdnSW1oVlAzbG82dld5al81bUQ5WndxdGt5NlZTMy1LbFlJUmFYa3B3WUFjbjBIUlo0Nk04LUV2cDA0T1M4aDdvMWJQMklMQnNZb3lod0JpUDdnRGpkTEljTkpfbHdiazlPQWM1MUhzeFN5RXZRUGVGNE9DbmN3MkY4cXpVS19oU1kzWW1uUmVOaDdhbzlhOC1ra1E1b3ZwY1lSV2hNWWRveTFiZE5WZg?oc=5
Unicef alerta para impactos do El Niño sobre crianças e adolescentes no Brasil,Últimas Notícias,2026-10-08T13:49:00+00:00,clima,https://news.google.com/rss/articles/CBMiugFBVV95cUxPNzdkVjhaT0dUQ256SndCY0JVSHVUUk9VWnpUNkNUV1BzR25JVkZvVzVtdWdCYnNERmpfTHc1am45TEhoSGNwS1hEWnpPNjRkd3drRklvMVRFTlVtOHY1ejM0a0tLbDFxQVMyaU4wVERoNkxxeVlfRkVxaG5vaHZ2WF9pQkg2NnpyLThvUmh3M0Z6M0FnZmhnc3RSaEtaRWNBZnJzTWRVb1NVNktxRGZQSFpqTDBrRGJtT0E?oc=5
Líderes cristãos do Sudão do Sul pedem fim imediato da violência,Gazeta do Povo,2026-10-08T13:07:00+00:00,"africa, internacional",https://news.google.com/rss/articles/CBMipgFBVV95cUxNc0l3OE5KYW1vcXBDVlppS3hKR242Y1dFalVUNWV3Q2k0MU1weU1yaE1nek9DWE1EWlQyc0E5TmluVDAwUk1LcndtWWlxVU5kenhpYW5ESVVCS1hPdDdiZDdSUENoM0VSai1uLVBrTWh5U3BGRmhaR2N1a1JzYXoyQjQ4c1g0RGV4MHBlbkVsc1o5ckxaaVJWZldPYzZfeU51XzR0XzBn?oc=5
Um caminho melhor para a paz e a segurança? Concentre-se na Dignidade.,Just Security,2026-10-08T13:05:53+00:00,guerra,https://news.google.com/rss/articles/CBMickFVX3lxTFBKZUF0eWx3RFVUSXNWNko0ZEZWSVBQaUg2Y0ViT0lPaUJXSy1Ubi1nN1VGV2dzMjNyc0Jhc3RhYTZybFNzM01VbFJYVTlsLWxYdnJMTU8yTV9OSEZVVmpwM19lOTVFdHh0cGM0YkRFYmd2dw?oc=5
Fundo imobiliário tem administradora liquidada extrajudicialmente pelo Banco Central; entenda,Money Times,2026-10-08T13:54:00+00:00,financas,https://news.google.com/rss/articles/CBMixwFBVV95cUxNVjhITzZ5UkxtN1pGYjZnY0kwYlI3bnRZTFBhaDhpSWlnS0ZwclNtdkc0aHpHMURGTUtnV3BaUG5DYy1aN3AyZDBhdmRPLUpyUy1oLXFFN0lMOVlWUlJIQzg1OVViNjJMRzdoLVBRcVdZTkpxZGM2MzBnWm1DS2M5TTB6cVlvR0JZbi01clRyaGNzS2ZhTl9LMHEtUHdGVkVNbUVVaUVUci1KQVBxYWplM2pBOUVieGdBczRYbHpLS2dpbHI0cjJV?oc=5
"Indústria nacional recua 0,6% em agosto com queda de 4,5% no RS",Correio do Povo,2026-10-08T13:12:26+00:00,economia,https://news.google.com/rss/articles/CBMiwwFBVV95cUxQMHVmTlpOTzhOSjN6Uzg2UG9KX1ZDUFlmNnJXZS04QkhKQkxXUGd6V3BmakdxdG11NFoyT0RzM2pBalF5MGg5TFYxMnNyQkJZVUp5czZnXzJoZ3V0WmRNZEp5ejJHODF2NS1pVm5qN3Vhd3hIdGxKUXlvbTRXRERkSm5NRElVd1BpRkMyNTBoeXN2SllfWC16WkpNSVRScFNKdzVjWmpuNl9fUnlDdTRpOF82MVBobUZ1dzRLQ213MmVqdmM?oc=5
Plano Safra já não atende sozinho às demandas do agro,Agrolink,2026-10-08T14:09:00+00:00,agronegocio,https://news.google.com/rss/articles/CBMipAFBVV95cUxPbWt4T2UtcHRMVU9TM04yOC1qeG14UFpIUTc3UmFOenk1LW13Z2FYT1VUWEhkQWJxVmM3VzRHQW1CX0JiSW1QMkktaWlqR3Rqd1Y4eFlQTGFHdmkzc0t1dkZNYWRRQVA5THZKNk1LNWVaX0FxUnpfdjdnV01WV3RMMTlTOXpJNDN2WlJLRkZyb2V0X0Z2aWtEUmVNTFBLNHRUanBWZg?oc=5
Primeira entrega espacial sob contrato e missão CRS-1,Universe Space Tech,2026-10-08T11:27:24+00:00,espaco,https://news.google.com/rss/articles/CBMikwFBVV95cUxQRUprNGxxTW9hZ3dhc3gtaEtyb2EtTDJESlBSN0d6VHNlX2FleGpHVXlDLWJrRVVkLWpqaWRoaWg0bVNWSTROYVk0MFlYWFdRSk1TdmdvSjhFanpQeXJQd1lfUEhXbzNZVDlwdkU4WTlrQnI2ak91eklTSExITmpYRHBrbXlQd3VwMkk2RzJHbXpqSjg?oc=5
Florianópolis usa tecnologia para agir antes dos alagamentos,Gazeta do Povo,2026-10-08T13:23:00+00:00,tecnologia,https://news.google.com/rss/articles/CBMinwFBVV95cUxNdGxkVUJtZ2pwZEF3TFJZemtKZVpzVGlLc21RZ1c1UUdNVTJfcFJQaVAtX2dhOGNralNaRnZKREFJaDVsWm9WdE5GbEFWMTBhNXRSOEozZ0pQbG85cTFydm05MG81NF9XQmQ5SkFUU3BNWE9NVy1KRVNWd0RNU0NZZlZsUFhObWNtcnBLVmplaTJ0QklCZGd5bW5wVU5COEE?oc=5
Acesso ao Porto do Pecém ganha nova iluminação LED com fiação subterrânea,Diário do Nordeste,2026-10-08T13:00:00+00:00,logistica,https://news.google.com/rss/articles/CBMi8wFBVV95cUxOcDZycW9pbTNSUzV5Zks4RklkUFVESzhQWnVSN1Uxa1d2YnVuRFlnbUtiMWNJVEtWazNQMlJDMFNCdFowTG5SQVhvVkFKRmJwZF9kMldoNHc2Sjh2YjM2d0lMRGNaeWxxRFVYOVFwZEkyV09ZVUxUWW1NdmJ6NDFOclRjbjNBVXNGb2l0bDJvd1g4VkZyb25IaUZXZjJtRzlUbzBKUVFYMXE4eV83enVzSXA2QWU0cjYwZzhFVk93NDFEdENyYV9HWXYxcVhfaW5wLUU2Qndhc2szYVQtaDdhMWlEaWhHdjB5aDNzLTl1amo5aTA?oc=5
Assista às últimas histórias do 9News - Temporada 2026 - Os programas de recompensa de fidelidade valem o risco de dados?,9Now,2026-10-08T09:04:08+00:00,oceania,https://news.google.com/rss/articles/CBMijAFBVV95cUxNWVdDTTNYMlZEYS1tZkdPWTZOdnlpMG5HeDF5Tm1XdVZZczNSWGktdU5xV1ZlT1drOXpDRUp2Smp5UVJUY21DTFRCR2E1TmFieXhOSWlWTGhSWi0zb0Zhc1daMU1hekJBYmhBcUt2MjJyQndBVlpVRlhocENOc1prTUVpdHItdmxScW9MQg?oc=5
Sarampo avança nas Américas e Saúde alerta para risco no Brasil,DOL,2026-10-08T12:24:26+00:00,saude,https://news.google.com/rss/articles/CBMiswFBVV95cUxPaTB5Z0Nyb0I5ZFhyZGJ4WkF5Q19mZU0xQkE3QnhFam53S3J5VVNPNmZaWU50OTNQcGRna3ZDcWItSU9aUFl4ZFRDLUlrVGFOMWdjbEtmMEtUTld6TFFoNkFXUnZqeUxKaVRqSW42ZFp5S3V4TXNoZHJzSDh0VzJoY2I4Y0UwZUxvamg2SS1iczlmSmFsRmlVQ01jNVpUUXozSnNpMll0MkY2U24ySEpyRUY2VdIBuwFBVV95cUxPVHRfNkFvYUFzcF8yd0dJSm5IMlFjNW9kT3BYRWNsZXVOTHVzWjh5anVEZ3NreWlQZ3Vyc3V1d1NGV2lRclJJQ2t2UlVoNk5IeWRHUWJJVzh0MlhFNVgwb2h4M0xXeEpna1MwZFJDLVZaVzVEN0EycGVnVVpNN05XTmg1aHNvODVJTkhOX3JpYlRsVDRxRTdKelBkMjM2T1BubjJ3UG9hUnRsYkMtbnVCVzdkYWRoVEI5T193?oc=5
Petrobras respondeu por 91% da arrecadação dos leilões de petróleo da ANP,Agência iNFRA,2026-10-08T14:26:15+00:00,energia,https://news.google.com/rss/articles/CBMipgFBVV95cUxOekhFZFJIbHNJWWt4cGIzdEF2Nl9XVzVSZFVCMDVObV9JZUwxZlQ0SHpydlhUNXViYk0tbkJhMGpBM0szZDhEMl9IS092V3hfZWh5SzdEV1RGM2lXM3FZdVJjdXZHeUFVOS1jZlAtWDF5cmg5WnhvRVUxdG54NGxIcW9tNWZCYlpIcHJmdi1OT1VDYjl3emcwbUxobTlmSzVxV21aU0RR?oc=5
Descoberta sobre animal mais velho do mundo pode ser chave para a longevidade,Exame,2026-10-08T13:07:30+00:00,ciencia,https://news.google.com/rss/articles/CBMipwFBVV95cUxNVXhieTRaWmQwM1R0b1ZONGlXeGFBb3hmcFRmNkVqOVdHVl96ai01b0VKMlpETFdOZGxzZVhTTXdpOE8yTGNMR2dRa1NBMlNQQ3Ryd0tSeUZpdEItZlN0eEhsT0J6YzZYTUo3UzRLTmxmX1plY2owU0FjMVRacjFUc0s2czZ5Y3ZtZzNfc0tzQ3VyZWxLSW1yckVWQ3Rnd2ZwUjBxN2tGUQ?oc=5
"Uma estado, uma marca: nove marcas nordestinas que romperam as fronteiras do Brasil",Portal Nosso Meio,2026-10-08T12:54:00+00:00,empresas,https://news.google.com/rss/articles/CBMiqwFBVV95cUxOVndVRUpyZWluYjRzaTRZTGljSWo0WTZKTTk1MWtrNVI1NnJDc2RrY0lYYm5YSnNPYlpXMmNnYm5BSzBOR2FXU3J1VDlKQUlZZG5vZHV4TlZHOVBnLXpucUdSQ2RLQXBWVUxfNjZUZFlPVUhVV1FockFQcWp1YUpETDIxc2xvMXRhZnBLRHhzaWZMdE40UlhoSHNvaDZVNjRwRUJReVZJVGJlWnM?oc=5
"O físico de Wisconsin, Francis Halzen, ganha o Nobel por transformar um quilômetro cúbico de gelo do Pólo Sul em um detector de neutrinos",Nature World News,2026-10-07T22:40:06+00:00,"antartida, internacional",https://news.google.com/rss/articles/CBMi6AFBVV95cUxQUGRfZTVmX3gwY3JFaHV0TWxhc0JPMnluMXJxT3hSN2Q5NVdueHBab0FUNDZnYzZlUHp3ekppZ01Pd0EzQ05tUEdtS0xTNDZHZFRJN0llWDZUaUZxMVVKUXFtclQ3ZVpPdVB4LV9sNGp0NHpoMkUxNlZkOU43NTh6NURhbHQ2dEVndVE0QUU3RHNpWGpQTGFGQ0ZEM1VSbmNPdkF6cDVVU2ZaUHdma1ZLUHBHZTFZTWtPVmtUTjhFZE5PRE04Y0hISmRrTkpDYVpVb0REdG9jakp3Y3J4YjQzcGE4R2wxSnBK?oc=5
"PR: confiança dos empresários do comércio caiu 3,3% em setembro",www.correiodamanha.com.br,2026-10-08T06:01:00+00:00,sociedade,https://news.google.com/rss/articles/CBMixgFBVV95cUxOUjBMd2twMkFhVGhnM1A0S0podUxwUnRPdmkxSmw4SnU3WVR1RWc5MGQxMGdFQ2xpbTRkU0pZVVl6dDdSMk9IU05wZXNabjdSWTlTbE5feDFlUGNVWS1rNDRZRVY2RXpNRF9JTTNRM2g1aWZhM2FzWkIwQXV3VTB5RVktNHZnalRFc2Y2dlZ6bmlzNjVnUG9kZ052QkdHaGkwOGVZMEpiaEhHRlUySzZNbEdoM1gtYW8yTDg1RGNtWHpONC1aVGc?oc=5
Itamaraty teme mudança na diplomacia com eventual vitória de Flávio Bolsonaro,Canal MyNews,2026-10-07T18:45:00+00:00,geopolitica,https://news.google.com/rss/articles/CBMivAFBVV95cUxPUk1mU2t3UGNtMVdxdHJwSlFQVXYzYjkzeWFWM3NZUWhEUWJoSTVyVmVwUmcyVDRFNGFDQURLNW5tVUhWQnhSZ0ZsVl8wS2U2MlByZ19uWFNycDBuUk13MEpMN0FtVjFkc1g1dEpFTXVsLS1QQXhRbTMxWTlMN2lUQ21SNG5hcXBoeVZDYUkwUTJYWTdCSkxwMVlkQ3EzMGdjN2FFVnlZS1ROc2xHSF9DeWF4VGo0bE1QbENOdA?oc=5
Morning update,Middle East Eye,2026-10-07T06:08:00+00:00,oriente_medio,https://news.google.com/rss/articles/CBMigAFBVV95cUxPYUhlclRXbVJyRmRMSHJjMXQtZ09zZ1dwYjMtbktEY2NYQTlXVmcxYUVHNDl4WFhkanQzQjlqalNNQ2h2SGpleW5fTmRZY0s0N0pSbzlQVHNTdmxRUVl1dmgxZnpSRUV1UmU0enoyaEZBX3NkRm5WTlBlbjNCQ0VzdQ?oc=5
Escola de Saúde da UFRN abre inscrições para 252 vagas em cursos técnicos gratuitos,Agora RN,2026-10-08T14:42:06+00:00,geral,https://news.google.com/rss/articles/CBMid0FVX3lxTE9tTEI5eWRESVlMMGVzQTZLY3pfamVjNVdlRE5qT09EenhCdjY4d1FJSTl6cHlPbUU0dXFrT2thazJpTXpaYXRIVVJ6a1NKNzBRdldJMnoyMjJCcENtNGp5eUo2QUZZMGlIQXQwS3Z1cnNRU001VlRN?oc=5
Simulador da Série B 2026: Calcule a tabela e classificação,365Scores,2026-10-08T14:37:07+00:00,esportes,https://news.google.com/rss/articles/CBMieEFVX3lxTE90VnNFNDV3dGpYMDI0WFIzaHc5Uzl1MzN5YlAxeWJZbFZwaDhFUzJaeTJHSENpQ1pkS1dsYU9VQmpUN0lLbnpEOGNLX011Z3Jza21DQmRYNlJaZDJoUGVsRGJuZzJ5bk90LTBoRkN2bEpTVFp0X1Fpeg?oc=5
Justiça suspende eleição antecipada da Mesa Diretora da Câmara de Serra Branca,ClickPB,2026-10-08T14:13:37+00:00,politica,https://news.google.com/rss/articles/CBMid0FVX3lxTE9wemZtY0tCMzU3YURzQlNYY2xvMHlYTGpMWk5mZ1BIRXNJMW1ONEdiZGxScFlQcnRkV2QwSk9YMTYtTl8wUloybEFjVkZYa1BZbGY1bE85ci1tbDJFek5RbVh5ckI4YUxxTkdZa2JhQkRJR0Y4YXlj?oc=5
"Paulo Rangel: EUA são ""único interlocutor"" para o conflito com a Rússia",CNN Portugal,2026-10-08T14:19:00+00:00,"americas, europa, internacional",https://news.google.com/rss/articles/CBMi3gFBVV95cUxOT2JTbk1wa1FEMkZMdzZWNVE2cFlrLWdYd0ljM2RnNVlMSmd6ZHV0bEl4MFRacW9BbnNOdW84by1pYmtsU1lmR2FKVHRMUWhfTHFVTDkyWk11cWNqS09XQkFJdUNleXZybUR6akhCaFg4U0VvZFZ0QjNvNHFoWWIxdEtPS29CeXhvVlI3N1Y0ZjV0V09NRjRhQ05VNVV0OVVCUEdpUTBWRHhSODhoRXFFNjlubHEwcWdRSHhNcmxuS2J4S1haYjd1c20ta3A5bVdjX3Jkc3Vqdy03aEp6UkE?oc=5
De saída? Gabigol desperta interesse em gigante da Europa e pode acabar dando adeus ao Santos,1News Brasil,2026-10-08T13:50:06+00:00,"europa, internacional",https://news.google.com/rss/articles/CBMi-AFBVV95cUxPR1dlRV9PNlFIUUF2cVhRVVdPNU9paFB6cUhDLUFPdUk5MFpEZC1KaElISzdFTjdCWVNjTFdCN1JoRzkydExvRklXa19yM3lGeHBqSXpUb1VHNXppeUc4T0xhWVZpTlBuanBTVmNuM1V2Q3YtYi1ad2VyZjJ2RTJLcHVkUEZsSUtUUVM3Ti1rMnhQUUVqS2R4SlBzeUlxdklXMGFIejZlZ0xZdEo5S2NjYXBvc1BoS1NGenlJSE9ESlBRZDVEZWxvWmhXX3lveHV1QWFhRVZITzdYQmhjcnFwZmFMYTdNUDNOdG5kZVZZZ0xwbXc1cUNOQg?oc=5
Cobra de duas cabeças é resgatada na Índia,DOL,2026-10-08T13:13:23+00:00,"asia, internacional",https://news.google.com/rss/articles/CBMijgFBVV95cUxORmctc1NSN2VnQjIzeDRQdFJCX2RpaFRHd0tuR1gzV09SU2ZZbnB5bHE0YjkySnZFV3YxdU1zWGlKMEl4SDhhUjNfRjQ2dEYxcXNmTmNwNFR3MG5WY21xb0VDQU9wMUtqVnpjQl9tSzctZkNheTctQU1pQzZBaVBfSFFzUTRhMTE4anB5SDNB0gGWAUFVX3lxTFBheDVnNE93NmE5czk4S0lwMHhfVElQVTdpcVN5RjZnaVVqb2xNVmtoMGM5dTVIR2Q5ZzlDWXdKSXJTeFdkRlVLY1BDQzl5WERuSy1UWXhpSWlONXI3SERMTWhBal93ZXZsMzh3WFRtd2VCXzFVUTJsOXJoWFI4ZHhpNG96bVJKbUtObTBYbEF6TnBtUGVCUQ?oc=5
"Dia das Crianças tem programação especial em shoppings, parques e outros locais; confira",ClickPB,2026-10-08T13:46:50+00:00,cultura,https://news.google.com/rss/articles/CBMihwFBVV95cUxQWmVPalhQd0ZlRFA3Q1I1ZWVCVXZPenBjU25YMVpHdjAtTnhNeWN6OVNmVFFDNk1LQVcwcDE4UnFVZVFxNUh6c0F0ckp1Z3JaeWoyLWxtVGJBdGFjZ283SjRsc2QtT3ZOMTNnNGd1RXJsMGtvdUNQSVlVQ0RyLUJYQkFoSFVkQ1U?oc=5
"Temporais avançam e levam risco de chuva intensa, granizo e ventos fortes ao Sul",Notícias Agrícolas,2026-10-08T13:37:34+00:00,clima,https://news.google.com/rss/articles/CBMi4wFBVV95cUxOTUUxX3lFRFdKNVlxa3hCaDNxdnZHLWVtY2J1WW5GV1BpVU9mQTNWU3VZMWhOdnMtSTdDd2YwQmFRRVlDTkdnTGdVVEhOc0tXLXI4aENWcnhXcGJDOHZrRVpVNEJCNWdqTDU2TGxTM1ZYa0E5Y0R0ZXFBcmlGSEFaMktxTFBvZGVaOEQtNGZqb2t5eHo5dHQtT2NtZlVyaldHY2FqUURZbDdRcFJhT0VCamN2QncwRDhnU2RMaWRkOXBfelN2UFltQkZBQm9aZHZDRGlhLWlKcUVwcFMtMXptVEh6c9IB6AFBVV95cUxNQ08tUHZQRGpGRXNSR2JsQldLSVJjeFNZU09zd1FrblJORmhyV0lOTjUxZExLRTJtdWV6MGVackVPMVBTWHJBLUEyUlpRTWd6YlJ4YjRVOGtnOE80TVVRc0RIWWI2bkNVeEJoWjZiSDFzbkExaXVCLXFXVTRNcGs4VUJTVks2SWtnR3g3VkdaQV9fYkZqZEM1LTYwWnA4cTRGMUFTOGVsQThtZzE3alNMZHBfNFNBejZ1THNoU0V3Q0NLR3ZxRmNCX1k2R3d2X0FLbXByQ2ZXaTVzUVVJcE1CUGVjSmJrLU0z?oc=5
Etiópia e Eritreia estão à beira de outro conflito,The Economist,2026-10-08T13:01:51+00:00,"africa, internacional",https://news.google.com/rss/articles/CBMiuAFBVV95cUxQenZiVFJLRjBHcXp1YWhleHlnOU8xNzl0ams2enNWLWJxR1VvV1poa2lQUXpQNXV1Y3JyU29UNVFjcEQtZml6WnhESkJxbjdES1Z4dVBNM21YSExKU09HNk5UakhRRG5MWFJneENpR1hTakQ1MVdDZDA2bkRDNGlxVWQ0NXRaT1RPdEYyNEg0cTRIVDlLcnZFcnhmeHpwd3o0RFVSZ1g0cGdUZ3dFR0JUUW1Fbk9JTGEy?oc=5
O Congresso pode recuperar seus gastos e poderes de guerra revisando duas políticas,The Hill,2026-10-08T12:30:00+00:00,"guerra, internacional",https://news.google.com/rss/articles/CBMiqgFBVV95cUxNdExhTV9KTzJzdmZiSlZXbTRFMVpzWTYxcW5YTmVmTUlkNFVVRHRMMW1UTXdkNjQyaVNVb0t4NjJyQ2VmYzBGWVNqRDdYbjl2UDBrUGp6bjI4ZTZ3d2ttdWprZGJTakxMZzg1WklkUE1EMDRGNl80MkgwbEQ4WWJZeEFyNFVadFh6ZGJnREdqMUZWSjNhSkNkMldzZDZjeHlsamNHX1N5VERhUdIBrwFBVV95cUxNWWVXaURoNkpGS3drWE5Vci14eXJqdTVTVEpuczFQUWkwNnJBbE1QRWF4M0g3RlFoWnZheVVhWjlva2tpM0o3UUZUWHdmUmJmam1qQVlwaVZrVkwwa0s1ZG1kTGVMdmNMdnVlU254Zno0RkJUSGlJdHp5djJLUTdvejdYcmE3d001YzBiaGVpWlFmYld2R21nbHNTZUk3Sm0weTFnZk5KZjZrd0pBTGZR?oc=5
Ibovespa Hoje Ao Vivo: Bolsa sobe com PETR4 e testa os 206 mil pontos,InfoMoney,2026-10-08T13:47:18+00:00,financas,https://news.google.com/rss/articles/CBMijwFBVV95cUxOdFJ4N3lXdVA3Qm5qUkU1NEdQVldBaDFxTGxZdTVQODZwc1l2Q18wX09waWJXUnNWMzBKRFp3c0Q2ZnNrdThtWE0xbzdCQ1dTMzVUSUJ1Mk5YTmd1NVlpTXpLV05JbzN6UzNoVlhrSngycXBoWDJjTDRvX3VVMFhKV19SMHoyR2Y0OGE4ZWVBRQ?oc=5
Pedidos de seguro-desemprego caem para 197 mil na semana de 3 de outubro,Valor Econômico,2026-10-08T12:53:24+00:00,economia,https://news.google.com/rss/articles/CBMixgFBVV95cUxOUkNlUFpxSWZGZ1BSbGQzR1JUcWxjSTdBWVFjb2JYcHpOSEwwa3pzN0thR3dpMWVvY19sTWJsY0QtZ3NPSXctZ1J2dnhITFhCT3NUM0RJNmZHbXJMdEJsR2lVX3NvWEF6V0M4c09QWFY0U19FSG43MGpOY3hhNlZXa1hhaUw5b1I3Y05mSHVyVzFjWmwwdldWN2NMWFlsc18xYlRXenRIQXpEczFWR1U3b0Jiajc3N2ZJeFJxWHJmb1FtV29sZnfSAdQBQVVfeXFMTzdTcFBlc2pVUzlVTVd0UjZnNmM3M25zZ2RHQVlIeDhOWEJBX0g2VEgtWGQ4VUdJUFVUQnFvdXZQYjFjakE2ak5XZXJoSWhzbUNnbmxZS2hKdWU0QVRNS2xSaE1NLTFvNkh3Tmsyd2prd3RWelk2NEVOdE01Z2JILXkyMHMtTFJ6UEdOZ19LOUZoNzkxWHZkdW1LaDEzLUwtLTlORmlucElTalFuYWs2Y2Y4OFNDdHJfeEVoQ1pnMWVHM00zSmRWcVFTR0ZULThqRGlYcEg?oc=5
"El Niño, reforma e geopolítica: os riscos ao agro em 2027",The AgriBiz,2026-10-08T14:07:01+00:00,agronegocio,https://news.google.com/rss/articles/CBMimwFBVV95cUxQb0w4cTVod1VuZy0zWWJTZ0lHWDdBSHpUZ3ZCTkZYR3U2cnJCSjhaTlNzc01kYVRnOGQ5Zjh2VWFnT0FGZjRmTkN4OE1YUGtRSUdaTE45UnUtWjR2VS1BN1A2T3N4MVl3M3lBQlg2ZGFNZURmRXpFSGxWNm52MXBSMVJoRHVWWll0WXRjZHQwd2FDalowakRCYS05VQ?oc=5
"8 meses após o lançamento na Flórida, astronautas da SpaceX Crew-12 retornam à Terra",St. Augustine Record,2026-10-08T10:59:00+00:00,espaco,https://news.google.com/rss/articles/CBMiwgFBVV95cUxOMWxCUzlCNVU3V1diVERqSnZ4bmpXQ2J2T1M1QkpZZGlEOW5vZTFXMFoxeTc1LTZCMVRXdl82aHcxTW9XUVNOMlRaVmtFTVRrUjk0dmcwb2REaFZ0TjFpdVNZNHh1bkpKYVY0TWpuSG9wbnhvcVVhZFpTQ2kzTHZuMV9tM0RXdHZjc0lkLUY3Mnlya3hWMlRmeFZXUkZJUnZHRW1KOG01NXVhdmhkamE4cDZDckswb0lXS05qa2dfZEttQQ?oc=5
Sequestro e roubo de motorista de aplicativo em SC terminam com condenação de suspeito a 16 anos de prisão,ND Mais,2026-10-08T12:39:52+00:00,tecnologia,https://news.google.com/rss/articles/CBMixwFBVV95cUxNLVZkTHFxQm5NdXZqdVpGeFBzR210TG14VXRtYy1qalppLXQyWGVvb2tueE1rM2R6ZHFRdGlSX0hfTEFrdzZ0Zzd4VjlxV1NpTzV4SXpYOEJKM1h4MGJ4RFg1Nm9rZVAxclUzNm9ROXA5RDV4WGdXdlY4aVhMVmNxRmxUbk1hLUdQR25NSEpnVHdEWW9jbkhfRW1jZ3YzS2JkS29oNXNYbmFMMFlYa0wyblhBV1VyUzU4T3REdVVfRHZucEZEZjVV?oc=5
SEDUC: Capacitação em Gestão de Pessoas reúne servidores em Porto Velho,Rondoniaovivo.com,2026-10-08T12:39:30+00:00,logistica,https://news.google.com/rss/articles/CBMiygFBVV95cUxPMlhKZ1l4TDd1dGFxeU1GMkR4T0JjWHh4RFkwN053LVBDTFZheGNhT204UEgwX3BQaUxMYXpfNzZhRVhBUXZoWXdCeEw3dlU4bDJyeWRrMUZoZnU4SHJySnpSRmZ4NnFSTk85WnphYzlwMEdUNWlmTWJjM3M1eVpObk1GaEwzWTFGNXhPSzNURFZ2QWZKOFVFUWprejNVS1hhM2VacS1nUFNVSGZnZ3F1M0FkV05VckU5RlpiN3JneFA3d0VkaDdGZE9B?oc=5
Watching Brief - October 2026,Russell McVeagh,2026-10-08T08:49:05+00:00,oceania,https://news.google.com/rss/articles/CBMifkFVX3lxTE9obXpub3hYVDFSWVFCeGp6YTlYRkZFcjlmZ2M4WXQtRUU0dWpBYVEzcVVtQkFwWklwLVVUZGhlWjRCUkQ3R2poelFmUVNXRmRSa2ZQZEx5dWMwbmZ5V09DcTFOWmhUVVVQQXdCN3RkTEdYV2JUTW42NnRzeUtlUQ?oc=5
Homem que teve pênis decepado pela mulher receberá indenização do hospital,Metrópoles,2026-10-08T12:24:00+00:00,saude,https://news.google.com/rss/articles/CBMihAFBVV95cUxPOFNQaVpLWjFLY1ZZejJkeVBSZlFrU3lmRk1ILXFNN29mTm1pakljRDhfUUg3Z3NMeUxBcU01QzYwVVBQUVZxWDZVeW9UU2lTbWI0eXNuMGtPVFZqaENnV1FWY1QweXFpWWlSOENMRHQyaTYyU3BxclR2YWZqQnVDd2VfMjk?oc=5
Petróleo passa de US$ 100 e impacta mercados entre destaques do dia,UOL Economia,2026-10-08T14:04:33+00:00,energia,https://news.google.com/rss/articles/CBMi0wFBVV95cUxPNTlFd2hXUTAyWVBtZGRtaXJ5WDdfSUhoUTJJdFdwbXA3ZUV5MFZzZXh6akJXaEhVVUYtVFNvZDJhVE5mVzFZb2dzZkhQMFNVaGRCdGRPOHFOa1ltRVF5VTJqTi04cDNkMFpGMnJudXNPbks0dlI1UktvNU9TMHktSUhWQXpLNDBybGJjcWkwY0tBLTRPWnBOSGhGVktYSHNyTFA5T1dHSkhwWmMzWTlydmZLelRpcnhQN1pEOXFEbFphLWtVc1hTcms3enVCb3lpVFRN?oc=5
Aluna de medicina flagra homem olhando por baixo de cabine em banheiro feminino de universidade de Joinville e estudantes cobram mais segurança,ND Mais,2026-10-08T13:07:25+00:00,ciencia,https://news.google.com/rss/articles/CBMi9gFBVV95cUxNM1VSeENaV2dvZlpnTzJicDlEY3BxNDg2VFJJSWVBWWFyenpkNnl6ZlRWV3NOcUFTWGpORHJXdGNXVFBodDdyQndsMC1UZDNhQU1jNEFHX3FVZmNwTUpqY3RMdnFnNTdBX2dlS3MzN1lxZjItMDY1cmdRdTdNRlVtWVhKcUxMTVdnWFVOSk5oV2xUR1RDRExWRmx3RnJRbkE2Sm9tLVJVcTU3ZDk4S3JTdFg0YVRGbmtUTzgxVUlSWXNSNlhHZVZWemJud3VUMklVU2V3dENfd1J2bWs4N0VRajdlVlBHSXNFYjUyTVYtYlF4WVdhRlE?oc=5
FIEMA recebe Câmara Brasil-Portugal e discute caminhos para ampliar negócios com o mercado europeu,O Maranhense,2026-10-08T12:46:48+00:00,empresas,https://news.google.com/rss/articles/CBMiwAFBVV95cUxOYUhCUWN2M0ktb2t3Qi1TZmsyeFZPZnFPQndfMDc0V0ZZbWdxU1h6Qmd4c2ZKdkg5TjZ4RThpRE5OWnc2Mzc5WmQzc0JlN29uUUdaQXN2czg3TzJVU0pYYjV3WjFiYW9oRllxVVR0THNzajFZVjNraTlSRkR5ekJERmZPQUxrckZTNGhFQ1kxNllIcW1JUDJiNFFSY3hHRUQ1VmtleVcta3JHd1JUd0MwOENqNUtERUVjSG1xTjV6VXg?oc=5
Os fortes laços da UD com o Prémio Nobel da Física,University of Delaware,2026-10-07T21:00:47+00:00,antartida,https://news.google.com/rss/articles/CBMinAFBVV95cUxONHMwd1ZFUE5URWhYbXFTZkgybzhIaTktMm9GdjBFXzlUdWFFZzFQM3FQUXNlMmUxV3Ayd1pyQjVFRkJBYzRPdkkwdmQxaXpOLU5ObG5XQ3BRZ3F5Zll2UmZ2RUxTR05JN3c3bmhlSzFPcTl6UmtIRDVDdEMydkl4TXZuSnlfZGthSVY2MC1wX1NLaGR0TV93bDZmQUk?oc=5
Festival Cine.Ema libera 18 curtas brasileiros para assistir de graça online,jwave.com.br,2026-10-07T23:17:27+00:00,sociedade,https://news.google.com/rss/articles/CBMirwFBVV95cUxNWTI3cU5NTFlBS0FSTUFSMWk0b2xkVmFjSmkwd25TUGdSY2Y0bmVjNE1GeGY3c0RYbEdhU1J2WFM4eU1jTldVZFJnN2FjLVpjR1BGdVVCR0pnWmg5OEcxR3ItRFhpRG9faDRJQzZHdjUzaFp3SHNsQWkwNzg1WDhJVW5sM0JwYldBbE4xWS1nbTk3QkdXZ2ZjMmRVVmE1SG1MUE5MRkU1cVVHTnQ0OXNV?oc=5
"Marcos Degaut: Defesa, indústria e diplomacia sob uma mesma estratégia nacional",lrcadefenseconsulting.com,2026-10-07T15:03:12+00:00,geopolitica,https://news.google.com/rss/articles/CBMiiwFBVV95cUxOQTJuSlBDYmlielhaeUZqNng4aDZrNDh2c1hYSFBBUGs4NS1SS2FlY20wc3E4WlBXdlZBLVNiREtocVRoN3o2djJMMjFpME1JSERKZlhodmo3MERtRWYzV0xWSWhWemJ4elh6eS1neHBubjBNVnRVUFZUeThTeEFQakVGeWZCSFZOaGt3?oc=5
"Quem é Dandara Couto, modelo encontrada com vida após dois dias desaparecida",Estado de Minas,2026-10-08T14:42:00+00:00,geral,https://news.google.com/rss/articles/CBMixgFBVV95cUxQSGFVWjQ4T0R3cmdmOGtBT2FPRnEwc3FuTjhfR3I0MzkzMnB2LVIzV3RpUThuN2RkRkUzRmlXbmhPQVBaeFVxekpheUU1Z2JPdUVfc090VjhPaUx5MnZSMkNPWTlBWWpxMmFxSFgyLU13eEk0NXU0cEFIcFBET2xhaWpFMWR4VFU3NDlSMGxsTzhqdEhhenRwQ3N1eDVfTTVwaXN5a3JCQzJEdE1DOVMwNXI3WGxvWEFtalVNR1VtZ1pia0stanfSAcsBQVVfeXFMUHBtTHAyR1dZVkZtYUZ5dUR4YXpqM0oyTS1VS1hpLWp2UENKdkJjTEFtOXQxM0dQSWdhc0pZZFBTMDYzSEVaVElUOV9LSGxybnl4a1BuVTQ4V1BzN2NCUExCSnE1aS1MdXc0MTM1TXpTcjV6WlFCelhOTllCbWI2akcyMTBMZWRnX0FXeGo1MkJXSThtNGFGY1lvTGJVSDVLRzdlVXdvTHFOODZDSmY5YjBQeTRhMXoydmt3MnNJcEd5anAxdi1QbnhhZVU?oc=5
Nauana Silva supera top 10 e bate na trave por medalha no Mundial,Olimpíada Todo Dia,2026-10-08T14:36:23+00:00,esportes,https://news.google.com/rss/articles/CBMitAFBVV95cUxNeWJxcmstNFgzaEZTb2ZneDFuWkhSU05uVjZMbFRuRXEtY1pNbGJBYUxOemVoQXZJLW9Lb09OREVWZGNjeDFNOVFCcUFDNEEzcU41OE1FdkhRc1BhczhUZUZPdGR1U3dIazN5bnA0TWtIcFFicnpsMkFrbXJHaEhWR0lBLS1kakpnSFNGM3pUYTdSTnQ1MkFPdnU4TUdnM1lLNm8xb0lYSmQ1LWlUYVZHTkJjbU0?oc=5
"STF e Flávio: “Estariam negociando uma paz”, diz Boris | #JornalDoBoris",SBT News,2026-10-08T14:13:18+00:00,politica,https://news.google.com/rss/articles/CBMiWEFVX3lxTE1GbmdOdzRMTnAxMmNNblhxVWtBd1B4Z3VIYzNCTThqYTVnOF9GTFdhTmNoQ1dVUW5mQVFpMnJvazJfMUZFYXJXSXY2dzY4dVNoYWk0RzQxNnY?oc=5
"Produção de etanol nos EUA avança 4,57%, a 1,053 milhão de barris por dia",UOL Notícias,2026-10-08T14:15:00+00:00,"americas, internacional",https://news.google.com/rss/articles/CBMi4gFBVV95cUxPQ2lla1IxX3BtS0xEZnc0NVhhSDJBSkRzSG1tZHE4S0xqUGNxZVd0UzBWOU9IN2xOZk9ZUjQ5RFd5bC1MWElCREVmd08yZkFnUEY0dGczNW1wdUR6UjhmVWxNMmZIdUZsblBENWRVMjBPV3EwZ0dtMDhGTkdUZHU4ZWY2b1EyYVdUbDRWd2lXNl84aEZCdE1LSGJhQ0xwajdlMzRvc1RKQzNGN1pqM3k1MUNTTDhvR1lqWmxwcDhIcmtxRHNLUXBqZFg4cW8zY2tsdGRBNUJRSjJQeGZBWUZ6U0xn?oc=5
"Sem Starlink, Rússia corre para lançar sua própria rede de satélites",Olhar Digital,2026-10-08T13:47:00+00:00,"europa, internacional",https://news.google.com/rss/articles/CBMiwgFBVV95cUxOcENiYTBLWlA0OFl0eTBRWklIVUtJWGk4aFhNUDNEZEE4Y3pabEo3dDA1U19rbm9waDRMTlJYeFpmRFl6ZkdHakdHNWVIdVFnT1MzTzNuYWViQ3Z3REktZEo3QUZOQ3d5R0x1SGo5YnhCT3JYQ3YwaC1NaWs1YzlYSF9rVGk3Zl9UNTFEN29BbTRXdF9sOTdfMFZGUzh2VGp6SC1oVjctVzlfcXhZR1V4T092dm44ZFg4b1FycHpOREgzdw?oc=5
O que a posição da Índia sobre o excesso de capacidade global pode significar para as tarifas dos EUA,The Indian Express,2026-10-08T13:13:10+00:00,"asia, internacional",https://news.google.com/rss/articles/CBMiyAFBVV95cUxNWVh0bmNfV2VSS0tiU0ZqWjBaUDhPZUg3b2dwQXBIME5TZ1dFMUhmbVQwS1hqaXNhQmgzNmFmQ3BLaXQ2TFNudzFKbUZCRW9GLWd4ZkJYc3dwNExQYWpUWGdJQmpYdVpIMUtkVWpBOU9tdHkxcUdueWg3ZVFfLTRrTXNESzk4WmpnYzlVeVpPVHRxb205bEpPWHVlYUxFMGt0Q25tVDlFY3otRGNIVFNrTDZ2ZExVczRVVVBSSWlKWHF1U2NXWkQzbdIBzwFBVV95cUxQaFd0QXJVeE9HdkFFZmpSMDRlNmwycmExaWtFYzdlOEVsQnVxeFdiY0M3YnROcjNDcnhwUjZONGJqNzZZdXd1X0pKSTNHclJmVWcwcGlxUFFEXzFuaG04VE9BaF96bElkbjUyTExjdG94ZXJRZTY2VXRqM0Y0RXpBbEpBN01uNHgtMklSeU5UMlZXVFp2cktkSm9iS21VTjM5RmZ3aHFXNjZrcFAwbFJQTmNDOUF6aTE2LURBQjZYM3k5T0g2QTB2SFhMUHRqZ0k?oc=5
"Manchetes das notícias da assembleia escolar de hoje - 9 de outubro: Principais notícias nacionais, esportivas e mundiais com curadoria para você",India Today,2026-10-08T12:34:39+00:00,internacional,https://news.google.com/rss/articles/CBMi5AFBVV95cUxPTjQzbi03dVd4VUlKcm00dzVUdWVGWUhjRjJLSmhJYW5DcDJhT19fTDUtbmhaZjhadl9qZ1d4dE10WEtSVUtPLWJrd1oyS1dsUDk0WnN4dmczdXFzUnNTVS12ZVAzT1U3RUV2cmdvUWRwNXNObTF0bml5VHp6QlRyV1J1Nm9uUm9MVTRkLUFHMi0yRGNDNC14cVJJeWN4bXFVc0VodDkzZjZtSk9KSkNEVXpxcG1BVE1GMGI2cVNGQUlfclB4ZlEwNWlzVUZLVHdHQUR6VEdsU0JNYU1JSnpROHJDYUs?oc=5
VÍDEO | Incêndio atinge teatro do Sesi em Jardim da Penha e alunos são levados para quadra,Folha Vitória,2026-10-08T13:37:45+00:00,cultura,https://news.google.com/rss/articles/CBMiowFBVV95cUxNVWFQR1NWTXh6VFB6QkE3QzEzdkRuV1czQVJ1dFFsdGxIYnBfa1lUalNrVWRoN2Q0Tm9sMjY5T3ozYXlWbGNSa3FZNkJHSmh5c2FKQ2RZZzk1Z2lzR0tidHY0Q0JLZldtVXFGWnkzRmRYejBwZVREbjF6NFBuTDhETWNnX0dkV3pLbmJaTEpaMTFmemhzWU1aZ1JJM0FqZFJnMXN3?oc=5
"Vídeo: Confira a previsão do tempo para o Alto Tietê nesta quinta-feira, 08/10 | Vídeos Bom Dia Diário",G1,2026-10-08T12:54:41+00:00,clima,https://news.google.com/rss/articles/CBMi8AFBVV95cUxOUURvQzdHNXo5NTlvOHl6bHFsVGcyLXZSUGhuMm5EYmZOcmFQX2lDMVV0T2t1MVFvQkVLSFBZVHdpSTl3bUpuMXFNREJGc0kwSnNmMWYyMWlEWVRpZlBPeElsdFpzSTZWeERUSVhqRnIyVHl3WnYxdndzUWZjUkUzTHlWelNGeUpjQmc5ekJWZ0dILUR1WUtqakkyRTFRUWpNRkpSUzNkcl9yeXhSWXhoR05QQ0xEd1hnR2lJUzJmTXJxV0dwZzhSSWFHcm56cWF4WVZhUmhyS0RhTmNuU1BCZ1JQWTFJVE9hUjdNWEhLLUM?oc=5
A União Africana lança a primeira agência de notação de crédito do continente para contrariar o que considera ser um preconceito que inflaciona os custos dos empréstimos,EL PAÍS English,2026-10-08T12:27:39+00:00,"africa, internacional",https://news.google.com/rss/articles/CBMimgJBVV95cUxNVktweGVsMGI1UnFXNHotV1ZoYl9MMmZ6YU82NUNEWE9XbzNUYWJCTVRrdzZIMXYzTDQtMnpwXzZJRVcwV0NsbGVHckY5bUZxOGRvQWFqMklCZi1NQUVLcTVtNkpDdHRIamY2SFI1Yll4NmdLZUl1VUNBb1g5VE1rbm5WN1BocDAyWWJMcTQ5Y3k0VEhqZFdNLTI1cTlnTmRWMTh3VFVHT1k1c0g1VTIwUnZGZ2w5Z3R6NHlta19xMF9VZkZ1d0RWZGstdkdNRjdsTWlHUmFyR1VKUVlKeWVURE01Vmd0Z2FYYU94U2YyWXR0VkNHV2RyRjUwZGlRRTVYcDIyZTdNTVBxRXV6VW1KTUwxbUkzU1VGZHfSAZoCQVVfeXFMTVZLcHhlbDBiNVJxVzR6LVdWaGJfTDJmemFPNjVDRFhPV28zVGFiQk1Ua3c2SDF2M0w0LTJ6cF82SUVXMFdDbGxlR3JGOW1GcThkb0FhajJJQmYtTUFFS3E1bTZKQ3R0SGpmNkhSNWJZeDZnS2VJdVVDQW9YOVRNa25uVjdQaHAwMlliTHE0OWN5NFRIamRXTS0yNXE5Z05kVjE4d1RVR09ZNXNINVUyMFJ2RmdsOWd0ejR5bWtfcTBfVWZGdXdEVmRrLXZHTUY3bE1pR1JhckdVSlFZSnllVERNNVZndGdhWGFPeFNmMll0dFZDR1dkckY1MGRpUUU1WHAyMmU3TU1QcUV1elVtSk1MMW1JM1NVRmR3?oc=5
Navio de guerra de 45 mil toneladas é deslocado pela primeira vez em 26 anos para trocar apenas duas defensas,O POVO,2026-10-08T11:45:00+00:00,"guerra, internacional",https://news.google.com/rss/articles/CBMi-AFBVV95cUxQODFxQzlCSDFZMWNWOHZJbXk5OE1NRWhOUDdEeUhYWGw3WXFsd1E1ajI0alRZd014NzVWN3VWS2hxVTFkTEtuMGtDX1pXNkFISzhpTnFHQ3dRUVZfNmMwUXdHMnpQVTFWRGc4SzE4SlprMjRsMWhtb2JNVkdtdmMwTlJBdlpOWDdCQnB3Q1dCTU1kMlN1NnJPUEl1MWVfU2RCSGg5Tnc3Vi1fSC00SGVWai1BQzNhbDk0NmdIWHhtTWxEMWcyXzlITksweEdIX1hWUjMtZUZpM2k5REpLQ2ZlTmxVNWZWYnhlWUp1Vk05YU9EWVFZenhOdA?oc=5
"Estrangeiros (+R$ 10 bi): Após entrada recorde, Bolsa pode chegar a 220 mil pontos e dólar a R$ 4,80",Jornal Dia Dia,2026-10-08T13:04:16+00:00,financas,https://news.google.com/rss/articles/CBMivgFBVV95cUxNclZUdVpqMEJrQVpTbVUxbjlpVkNGWGJJV2ptZktRSHNQbG5abWU3eUg3SnBwS1FRMzFTNHI4Z3RueVduX1VMMjd5aUtoSE5WSEE0VmZHVXdMaHRPRXZsemxZOG5jNl92REJ2a2ZVYnJqa1JSN2Y3cnQxUEZfTnBkNWFvQk9MLUlUUWxIRlhVV0FMZFdKZnBxYWJMVnpZblRzbC1UR3kybnNlX3BjdE8wRG54LVl2RFNjZFk0aUVR?oc=5
"BCE: riscos para inflação seguem inclinados para cima, mas cenário permanece incerto, diz ata",Money Times,2026-10-08T12:30:00+00:00,economia,https://news.google.com/rss/articles/CBMivgFBVV95cUxNSnE3aG1SWDQ5VGdqRFRrYXV0OGE1QlVKU1VTSE0yc0R6TC1HMXJJZXNFZzU3Zm1NY0M4VDRncmRzYWhIN2VmTFg5SmVzQmphVVBKbG9uUXlFRUlWTVJBZzc0aU1ILVJsZDNBQk5MQV8yZU1qUzd1S0wzYjlBQVNsaXNwSkNWNWJHRFdVT3lYWGdpeU0zdjJJQ3pQTTNlWkp3VVpNWkZvN2NDSTJKc1NHUEZIQzZSLTBuVElsem9B?oc=5
"Agricultora no Maine quebra recorde com abobrinha de 77,1 quilos",boca.com.br,2026-10-08T13:52:28+00:00,agronegocio,https://news.google.com/rss/articles/CBMiigFBVV95cUxPR1J4YWt0cUJCYXdINDdPQl9ZVzU3X1NVRm9FR1cwOWJVbEVzdXRCRDVwWFBUbWptazdkMmVzTThYbG1rcHhpdWJQMXdMQk1EYTZMQ1VfdkpXRzBBS2tjeTcyMURFbU9NLVQ4ZEpHZjJlUTNycjRETDN5SWhKNlpPYlZnS19zR1hIb1E?oc=5
O que é a nebulosa Carina? Fatos e descobertas da NASA,Aktualita.co,2026-10-08T10:31:36+00:00,espaco,https://news.google.com/rss/articles/CBMijgFBVV95cUxPWTBhX2xZSUlKenQ4cVItQS1pRTlaNmdKY0w4VlhyR1g1c3YwUTBJdTV2b3Z4Vi1uVlVtcXBGVHpLbTFkQmxYYmxUVVJ1TXU0VF91ZVJ6QmlzRGdrQlcyem80YUdqN2k1VmlZeHBhTjhSZUVwbjZLbVRxS01hMlVEMElCeVNucGRkaWxPZUxn?oc=5
Ranking das BDRs mais recomendados para outubro é liderado por gigantes da tecnologia; veja a lista,Money Times,2026-10-08T12:33:00+00:00,tecnologia,https://news.google.com/rss/articles/CBMivgFBVV95cUxOSkFSZ1UtZGtXNnd5S0lRQ2dVY0ZkTjhhVVFIaFpMaGQxRGRCRXA4U3JhX09YZ3NYa3kxMGFrZjZwYWlnaGJDWEJveTZwdkZBcjF2RWdkYTFKQ2R6OHByaEYxR09PejJKVG9YXy1hTXF1T2ItWVJVVGFBRlZXYS1hbmJsbEtQbW9QcEdMTWVNMEpJbkRqWmZzSVBqUnRjNGdtblA5WE54N3FwRHJQRnRKdFVORmpHVGVNRmY4YUt3?oc=5
LOGÍSTICA | Estudo mostra viabilidade para Alurion transportar bauxita via terrestre,Brasil Mineral,2026-10-08T12:26:00+00:00,logistica,https://news.google.com/rss/articles/CBMirwFBVV95cUxObGVZUTVpVXMzMlFPQ19UNmk4cXlZZmFZQXgwSVVaZ2VRN0dDdzdmOV9SRzFhSy01WG9EM1VUaU9sT3FGckNfWmdMeVc1bWVCWmdrMmY5RWF6cDdXak42NkVFbk02LXhFMFhkSjdJVHdlT3dWVmwwNTNMN2ZJUE1BLXlfUm5EaVY5WlhVd1liYy03RGotbzd5am5uRjNiWHJIbEN6d0xISFZfRXZlTm5v?oc=5
Nauru: a nação única sem capital oficial,وردنا,2026-10-08T08:12:42+00:00,oceania,https://news.google.com/rss/articles/CBMimwFBVV95cUxQQzl3eGxKTGthN0QxUmtRc3pTQUVNbW5lcHRISlU0dC1YNGFTeDh2d0xOeWZtYkFZZ0czalJSeUFReXpQUGplWW00dmZOWThWUEFHaXIwdF9Md05Dc0s0UHlYZklBdWJyMXYwQkN2cUtHSHQ2ZjhuVnhTelJabUt3Q2FlZ29abjZibHJBdURoZnlPMG9wcjNHUjNWNA?oc=5
Pai é preso por maus-tratos contra filho de 5 anos dentro do Hospital Geral de Palmas,Gazeta do Cerrado,2026-10-08T11:55:18+00:00,saude,https://news.google.com/rss/articles/CBMiwwFBVV95cUxNOEk5SE9vdzNsVklDNHp5cU9rTWU4MXZPa2V1aWdLbWw2cXppejYzai1TdTdjSGNOYV92RkNQSDRVZHdBd1kwRkhwSTYyWGxzTWZZYXZfdnpIcUVWRWxSWUQ2M1BhWlA5d3hpdHdjdkRkbXFXWDBUQWxKV2hVN0ktNVhwSDllS1NMckdqdHk0YVBrUFFxOHVyVjJpQ3h3WHAtQXhJOTdKcFRXcWVMNElLV0d5Y3I1M093SGJRazZ3TnhYQjA?oc=5
"Petróleo dispara 5% e rompe US$ 105, Dólar retoma os R$ 5,01 e El Niño atrasa plantio no Brasil",Agronews,2026-10-08T14:01:26+00:00,"energia, financas",https://news.google.com/rss/articles/CBMiuAFBVV95cUxPdUVxd0txeG9yekV5NUZmQ0JHRUVtejNncTlidVBBRy1qNVlBa2l1ZjhtN2V3Q3FCaERyTUR2QVRuT3JaYzc4NUFremppdF9teHU3U1NIQnQ2VEU5X1FHNFBVZFluamlPS3pYaUtqWllVWkZ6UGpmRGM3TkNTWVJPUGhSY0FxVVYxbl82WDZhT3dHUE1NRjgzV1ZPcFpEeVktRmZqS0JpUzFVX2dOQVZkdWJhSWxPUXUy?oc=5
1ª EDIÇÃO NEGÓCIOS EM MOVIMENTO | CICS Canoas lança formato inovador de rodada de negócios para impulsionar a economia local,Notícias da Aldeia,2026-10-08T12:11:55+00:00,empresas,https://news.google.com/rss/articles/CBMi6wFBVV95cUxOTXhSX3hUS2VNTFg3ZFFnYWlVdGRYdHZDTHFWWlBWeUhnSWNYRGFMbWlwYXNWckV1RjJMdkZiY3dvMGZaSS1TX2FJTXZ5aHlmeldkdW56dkdjdkw3Rm40UWZnMG02SklpQ1BpbXBhOWhqRU5qejhiNDBjYS1VNjFYQll5SjhHUzNfT0ZNcWVjN2ZzeVdubUJrZ05sZTBIa1FiU0MtMkdoa0NZbWlMWnVHbWtvMlk2aTF3SjBmaW51cjIxOHFHTndtR1RhVktlSmU5MUpfT0ZYMU9xTWo0RkhXVmpJSHhvNWpxc3BJ?oc=5
57 novas espécies marinhas – incluindo um pepino do mar com chifres chamado ‘Loki’ – descoberto no Deep-Sea Canyon,Yahoo News UK,2026-10-07T20:58:05+00:00,antartida,https://news.google.com/rss/articles/CBMigAFBVV95cUxOUWZ4NmduZ0ItSEI1aVl3X1FaWDk5MTJIRDZuNU9LY1Jmc2VCRURJU2VicktmbmUyUDlCMjIxeDJsQ3J0TlZvbXBwSGEwb05oZkVnazdmZlEwSW9GTnJLdTlfRURoUlNHSFNPdldXLTVnR3I4NkxrVWpUVEpTTFlSaA?oc=5
Estudantes vão às ruas de todo o país contra a extrema direita e pela reeleição de Lula,Andes-SN,2026-10-07T21:14:00+00:00,sociedade,https://news.google.com/rss/articles/CBMiywFBVV95cUxPX01rRE5teW5jenNMOUstcTRTYlJ3MC0yQVJjVldEOHotRWViU3F6Xy00MWpjTllSdmhHM3dLZjBiSXdIa0xHMkVUTkFXQWJGWXZTMGZ5V19kYTZEalItR2tkLVk5enpqUlhpTXczdmM3ZlpOTWJMekJUNFVnbDFpMlJUdTBGS3R3V25SRXFUOUdLbWJPRnQ2aHhORGtLTzM0NXBwRG51WVJ1UXpCUGhBS0xHUmEzZGlIdURSMzJ2ek90Q1hJMC1HRDJVcw?oc=5
O Brasil não pode votar contra o futuro,Diário de São Paulo,2026-10-07T11:00:00+00:00,geopolitica,https://news.google.com/rss/articles/CBMipwFBVV95cUxObjBEajIwUFdjWUhXOWtGaDB0LUZoRVY0a2M0cFhnU2I2dkxNUXpQOEJLVncyX1lOa0xqTFM3dTFSdzVvbUUzWnBsR1FfNElTTVl2WTA3WVBUc2NZMGwzS3MzbWExTXQ1ZVpFejFQdU5BcHZPWnhyN1pYdzExMUtIZU9senB6eWxoMlRHdl9Zb3cwX3JWblpSMWM2V3gzVkhieDQtdURtNNIBrAFBVV95cUxNaVZGSTZnbkNvaUN3cld3NHgxOW1waWJiNFJUQUZwVjM3cXlINzNLME1yX1F1Q0JNMXEyZHlUa3NPQV9iU01LSG9ZVzYxV3p6dGQxZlRuTDNfTkpidVFvdFlUWHdOSW5nWGpzaFcwYUhCOWppaGFCX185X3JSZzdSbGYwWG1nS05OVENSa04xUXcwQkN2ZHJjcDBQNDFSQlNxeEpvc21uY3R3NENm?oc=5
Perícia contribui para desmantelar versão de PM que matou policial federal,GZH,2026-10-08T14:40:47+00:00,geral,https://news.google.com/rss/articles/CBMijAJBVV95cUxNSEd4dDRwR0xqcVA3YlNHVFNuanNhcUprakJyRHFsVDZVMmJRTWdoQzMtb0h6VElwaktWd1VVaUozTy1YbE55QzN3aWlQZ2JXYnVrblVIX3NIVlllX1lOWHphMUU1UngtTFp6Y05kcF9PU2ZmMVBtOExIY1FyWGxhbC1xaDdOSGRINFlTc1JfWlNkbVQteVJ5N3pKeU92LTd3X3VOS1ltWnFIWEJNcUxaUTY1WXk5Q3hSYVpnSkFFVFJiSExnNGJnbGttV1QxdHFoaW9PVFROMEVYc1VnanRsUmVMdlREcjJRN0JHRFNkd1RWaldEUk96dnVVNzJTNWlBOHc1bFZTaGZmOUZx?oc=5
"Botafogo fecha clássicos de 2026 com 14,8% de aproveitamento",Terra,2026-10-08T14:35:00+00:00,esportes,https://news.google.com/rss/articles/CBMi4AFBVV95cUxPa3FsY2ZOUi16VHJTWTNMbkhSNWFud3hGcWtUa1lIdjhpT01oZzVOcGcwQVM2eGcxT2Rza1lvb2pEbkh3MGZ2NlJKZkJkNzVpOVhPMjlLblRCMXFaclhNYTl4U2ZKZVNXbXNUYlQ3YWtzd05GVHVuYnJRRzdmTG11dEZTSDZ2ZkN2MDFWV0tlMWRmTjZDNkFERWN0d0ZGSjFRcVR0a1kzQS1Xb0ZWRjFTSXpVOWt1NWJpTlRqVVU0RGRCNnhWZVd6WmhOb3M5UU91eXhDNXlwMnk4elctZ0lRUA?oc=5
"Nunes Marques, sobre julgamentos no TSE: só é possível migrar urnas para 2º turno após decisões",UOL Notícias,2026-10-08T14:11:00+00:00,politica,https://news.google.com/rss/articles/CBMigAJBVV95cUxOTTVhVkMzckJfVmxlUXF1YnRHNW1fOXBTOVQzMFg2U0dXckt6cHhGSUthOUJvTkFmdVhocFJZVTFvSDFod2RoWUVMamVyTm5wQlI5RWNDWTUyVElfWHM2Z3FRQ2Z2eGFxd2pIVHd0R3FiTVgxQUVTS2dKZlJQUkdtYXZXMmlmY1F1ajJwQ1Q5NHpZQjZvSUVZdW5CeDBSamUyZlRkSUVWaHNzclI2QUdqNTlpLVNSRlUtTzVRSFVMU2JBemw5ZE4wZnc1dTJVUXNoRTV5S2h3RHh6U1lYaWdwVkhnUHhrU1hwbS1Iblg0UERScHB4eXdzVTZWTDdGTkZI?oc=5
Racionamento de energia gera protestos na Venezuela,UOL Notícias,2026-10-08T14:13:05+00:00,"americas, internacional",https://news.google.com/rss/articles/CBMiuwFBVV95cUxOLURPZWVLZ3BocWl1LTRzOUpLanhkeEQ1Q001LURPd2QzRjFFNEQzdXlDeXhjQjlTYTNLOGNDUENqclZKWmZ1Q1hTcURTWUFoeElkVV81Ty1xYW01ZUxZTmFCYlRQRUR4cWE4QjY4Z0hzNVFxMkJGWmJXSm12d3BZelczSk5vNXd5N0pDNDQzVGxRalNLN1ZBT0tjYnFsYzdsV2lkY2Y3LTJPcEE5dWV6cEozMFc0VzBfR21F?oc=5
Peskov: Kremlin não considera o fim da guerra da Rússia contra a Ucrânia,The New Voice of Ukraine,2026-10-08T13:39:00+00:00,"europa, guerra, internacional",https://news.google.com/rss/articles/CBMiuAFBVV95cUxOV2FDNWsxMXNVanhjaldpamZ3S19WcHYxUFk1ZU5WSGM1TGZRV0tzaTVFQmNDVlBQYlRYRlRxamlGSXIwRTRnbFJrelNkWjNuWUdFRXgybDZNbldkRU0zckd5R1JudGxQX3VobjV3NkxpQXZuV2xZQnpwdmRiNHQ3Wlk5V0xPWlhlMTV1NzRQN09tUE9RdjZWVnNnc2VtTDRfd0tJeVlnOXBtY19MYTRfT1RRUGlBdllP0gG0AUFVX3lxTE1TVjNIbzd0TEtQdnhGekxldlltSDdsVDdtcm1pZnAxYXV1UUR3MkdnOC1hMDdOa2M4LXg0eElIY0tKeU5tNExUWGcyWUpvVG5OaGZCUjh6c2NnTnotN0xMdnFvMml6anlQLWdjRTBJR1oyVUtucE9DMVJJOEVqTjZ3bi1oZE5PZDBEYXhnMnZPeUcycU1IN3JXWlEwWGF5NEM0b0QyZXhRb1dyUVZTdkJNbTlHeg?oc=5
F1: Bortoleto destaca desafio da Sprint em Singapura e vê evolução da Audi,Terra,2026-10-08T12:44:00+00:00,"asia, internacional",https://news.google.com/rss/articles/CBMihwJBVV95cUxNeXdsWUs3ZWJlNC1naWtMOTZvZlplenJ1UGo5Vjd6VTJDVnNyTHpER0FUNFIwWVBaUzNZcWtEaHpILVZVLTlodHZMWXYxWmpoNGZ2VmRDRjhOM3RjR2tLdG1jTkR0Z1pRQ0dReXozazZhcmJKbGF4bTFDeVc0dnlQRW9MMTBlS1BNTFd0d2x3WEZuZE9KN28tY0V5V1M0NVNlU2MwOXQtejJONjJkcDRLXzJRdERPWEx6TWkxcEhPSFZRaUdzSW1XVUdqY25TYmlqakRqSEtRWi1oNGdZRW05RndmU3phUmxXcFBvUWlKbWlCWXpwU3BjdTZkaWFUNjZaUlJFRl9tRQ?oc=5
A oposição sueca pode forçar uma mudança no acordo de associação UE-Israel,Haaretz,2026-10-08T12:33:00+00:00,"internacional, oriente_medio",https://news.google.com/rss/articles/CBMijgJBVV95cUxPT3pvVDN5UFplV3A4VjF5aVoza2l4MnJQVzVTQTZtR0FNSHZuU3ZoQm1PQ1BNNFhYOUJNbkgtUXdmalJzX3JYZ25iSm5jSmlYSGEyZUZXWHROUmltYzR5dmxFR3FLSkJ4SUh0ZDBENEtUV09ZWmdnOEZVb0tackMzNlNnREFhcjcwbGxCYzZrR3l1MjdadW12Q1R3dGJFTTNsRER2M2J4TXRJYmE5QmVodHBDZWdrS3hQa2hIWmFVSXRkUHZZbkNfcXJhWVRCQmhPcmF2VkU3b2FIY0NHOVVITkdxOGtIUkVsN0Vvd2g4bXktUHNTODl1eGpiY09FSW9RV3JzRnpLVmplS2tlZWc?oc=5
Calor de 40 °C atinge o Brasil; Sul terá chuva forte e granizo,Olhar Digital,2026-10-08T12:26:00+00:00,clima,https://news.google.com/rss/articles/CBMiuAFBVV95cUxQd3BmdFRnQndKODZ2cUYtb1dxYnFnMjdfNllUbjZlcUtuam5MNkZBVGxhU1pBSHF3bGtSYWp4TmpWbG80SUlzdjI4a0prQjctVksxYUplN3pqc1Fjb25OTEFBWTdmdGt4eVBFWXdxcWJ0U2ExYm1uSFNLN2U0N2o2QUxNN1NFdm9WclZ2QTFjZUxSLWo0WXNQSnF2RkRNOVByTktoRU4yQWhoUlhINkRvRF8zRjdmWC14?oc=5
União Africana escolhe Sifiso Falala como primeiro chefe da nova agência de classificação,CNBC Africa,2026-10-08T12:25:30+00:00,"africa, internacional",https://news.google.com/rss/articles/CBMingFBVV95cUxQM2ExbUxEaU5weDRfMkMyZXZaVkdmOUVmTGRCaTY0U2hiUHlFNlh1bkJYb3AxX1dkcU96MkhkQy1DTEIzVWV6SVd2NW1zY1ZiMHRrSGFndXlYV3g2YXVQTkw0RVc4NTlTRDd2LUNHWjhKOXF1WElWM1gyMUFfOUVpamZMRTNCaFpvcUFuWEpEWjl2R1RnT010VFVaeW1sZw?oc=5
Golpe do falso advogado: Estado do Rio passa a ter política de prevenção e combate a esse tipo de fraude,Extra online,2026-10-08T11:41:40+00:00,"guerra, internacional",https://news.google.com/rss/articles/CBMi7wFBVV95cUxPQUtRM1lfLWF1ZFNRdjdUSGwwSVZRRlFJV2RrMjVjaUdLZFJMY3VMcV83bkk3dF9zSnJyU0g3SW5Zc1k4dDFmc3V3S0VYbmF4ZTVsemFoY2xMRlpiVmFFRUxPQkNnajZRNTN6T0xjbDZ4TlNmbmtYTjF5eWo3a0FfMnhWcHJVQmZ1Nk1UV1ZLbHFudkQ2VGhicTNuc3RGSU1Gc3JtRGhvX2hNVVBabDZ1ZXRxY3hWbkdienctYlphT1RiMkZOdmFIZndMSU9Ma2UtMjRIOGhVdENDa2RBVVNZNVNFUnp6bjJ2a0k1dm5FVdIB_gFBVV95cUxQbDFna2NkZnFqMm1XcjRRY2JLclVxZjVvOUpMa3ZrM3NiVGMxZHYxXzhDRHpmd2dFMUVsMFJobXNDX2JSVDhkUktlaHRWTGtzTVFyOVI2aWt3MGt5WTFzWXpZNGVNYUx1bUFoanhNVWl2WWV5NmJnbFRRcDBmMWUyZjFUcUxVU2s3T1F2RFBJTGFHdEREMXA0MXByNk5iZVRpa19pLUZXa1FTclNnRW9nNk42WVVLV1J4eENMVjFOVDVheF9FUE15YUFJeE1Nbk9DY2NfajNvRjk5NXJRYTN0ekxJV2REajV1NkotczBMVTVkc2Nrd2Z5d0twWVhiUQ?oc=5
Giro Brasil passa a incluir ações de superintendências e órgãos de assistência direta,www.gov.br,2026-10-08T12:44:52+00:00,financas,https://news.google.com/rss/articles/CBMizAFBVV95cUxQak5wVVFzVURpYWgwRUt0MHFmSXlJVVlaYl9TRjZabEctR3FLb0FfbGl2ZVg1SnZxVmVjNGZ0NjN5VzN1eGpVbkJmVktlYXhscm54NkFDUzBLc2ttalhDSEtpcjZoS0tfaVcyNXJ1RWxZSDBwd1RReEhVV1BZM0tETEFEcnFzWW03OF9fVGxBblBRUlB4c3BVSFd5RDJUV21RLV9ScjlPN2VOZVdtMnFTNlZLQ0tTSTFwVFlodmZqUFNzajMyLWt2OHh3ZDY?oc=5
"Produção industrial cai em dez dos 15 locais pesquisados em agosto, aponta IBGE",VEJA,2026-10-08T12:12:45+00:00,economia,https://news.google.com/rss/articles/CBMitAFBVV95cUxPQWlma2hSSy1KZmpxZV9odU1maklEbEt5eElla1d4VkVhSTNrSUNFS0pHTnVXMjBMa2k2Zk9MdGtSUHp1QzNzRFFBQzJWRjZVSncxYnFmVHhfVElrTVFHbzJyMXBqSFgtWm8wMHpuckROeThaS3dscUVYQ3Z4YVFWckZTeENyT3lGREhZUXpjSXlBZFNLUEhpMnBUUkgzLXlhYmpMeWZ3TVotS1Y2MDBuMEJ6eGU?oc=5
Produtor tem de concentrar atenção ao plantio da soja e ao clima; mercado está pressionado,Notícias Agrícolas,2026-10-08T13:35:47+00:00,agronegocio,https://news.google.com/rss/articles/CBMi7gFBVV95cUxQNVpkSEZfMzAyV0xsVWt3Y0RHU25Sb1RIYThwUzB0OG1zYktRUUJqcjlvM0VPTEh3Umk1MnZKTEpLR0p2TUJsUEFCOFBCTUljWjAzSllDUUVJWlpGWUo0V2RIUjdFRXdxaE9BcU1yYUIyX3diTnpTRW9YeWZUNEhKb1g4Q1h4QVpWdERqNnhUckFsY0V3bEZhZTlXMDItRDNhSnhvQXZiZ3VfYVZDRXJIcFJzTUYxUXplVlFaWmw1RG9xTW9mLWFKUlB6eHkwaGdzZjRyMDhQeDlYeUJQdlJwNnVab0RHR2JDX1NMMGpB0gHzAUFVX3lxTE54NXhQVHNaSjU0NS02WWl4SFl3bnFianF6TldTRE8waDBxOVhvV01LcEpJZnJ3eVhRM1A1dy1HMWg4WnBzWnBCbHVROWljSDlKSmwybkhIVjRwYzExMkN0UTJOT1NQWFlrN3pRYWU2RmxKR0sta1g4aUZERnUtWWJGZ2MwSDZ0NC1KenlKa3dvOGdQbEpSRkdSS1Zja0Rvd2ZIMWlqWmt4SlcxaVZXc2VROThlVGVCM2hQMFprRC1WWlQ4Qm9wRWtCcjZZa3pDeVp4SXlURjRwR0xKczdWc0lfNW1xNWl3YkZVbkp5ZjEwNDRfSQ?oc=5
Semana Espacial Mundial 2026 em andamento com um evento na Flórida,FL Times-Union,2026-10-08T10:04:39+00:00,espaco,https://news.google.com/rss/articles/CBMiyAFBVV95cUxNR3RyRXNTdTNGSWxtcTZrdE1rU01tVmpGLXVZQ2lKZlYwNHFqM014S01YdEk0cGx2czdabVJ1YV9xTWNsOE10Y3BfZnNOSUVKSTZLTElZTnd4dU5XUEVkTmZQeExkWS04bHRrOGJsbFo0bDNReVgySUJUSGZCWUE1b0s5bHc2Q1JqTHFzTWs2MUlOa1VVdjVSZWcyeDlQV0xBTFNVNzVvMnNLZjdEMTlUX1B2LTNNcXdXY0dpc2ZaNDBLc1kwRDM5MQ?oc=5
"Margaret Hamilton, pioneira do software da Apollo, morre aos 90 anos",Olhar Digital,2026-10-08T12:05:00+00:00,tecnologia,https://news.google.com/rss/articles/CBMiwAFBVV95cUxQa3Z1RnhEb3JfMHVDSjhsYXM2REptZGpOZVNEV1lVbUF3bWVTTDhpdFFMSENDaFVtZXd1RFcxLUdUd2tfdlNnTHBkZkVnaFUxdkhqRkFJWW9sdmZyaW53dmVFd0ZuOG9yTFlSbFJmdF9NQ0g0UDc4WnNIQWtkLXZ3aThQV0s5bWhYekc0Z1dUMVA0NkcxWVJ3ZEExdEdfejRzaDdaUE4tU2FZN1U2cU1qQXk3VFVvSjZZUEpOUEVWV2o?oc=5
"Vindo de Roma, voo da Aerolíneas Argentinas faz pouso não previsto em Porto Alegre",GZH,2026-10-08T12:16:49+00:00,logistica,https://news.google.com/rss/articles/CBMilAJBVV95cUxNM3JVVG1tY0Z0S2V5eGRFT19XRmRaMlQ1QkNCcG9VOGk1MXBjU3Q1T0VhSldmUDBsVjFDQWhIT1hQUHhCSkVsNXZlRW9JbzFnbG5LRFBUUkRIUTZiUVl4R0doc3ZXLWVQd1ZyUDRnQTVINXZlalRDNkNXRWF1eFNXMWQwcFIzLVc2N2JsZDZzSXRxSURyQkpZellCcmFqbTRKSDdWckFLa2p0dlBCeFZQVWFSamFaVmNXM3RJY3ZaZGtzZ3VVSEZUTlNXbksyUlQyVEN2TDdsSFZfR0dLdG5KX3Fxb1lhX1JlVllROFB2ZFJnQTFFZTk0M01BRTdxa3VYQnlvZ2tqM2tSeHN3dVRJcFRPbWs?oc=5
Assista às últimas histórias do 9News - Temporada 2026 - A bordo de um vôo com gravidade zero durante missão de produção de combustível,9Now,2026-10-08T07:56:31+00:00,oceania,https://news.google.com/rss/articles/CBMijAFBVV95cUxQMWxYTGhTbkVDV3NJbXl1U0tFNHY0VVJTLTloT0FuY1Y0elN3TW9QcDlsNEJtUlZnekpuNE8wTktOam9zSkpEOTdWQ0pLU08wVldZNzZnQmd5S2xNMi1IS3E3a2lNTE84ekRxcHQwRExacW52YUl0N3c4dHowTVIxck9TcTU2WUlRVFlGeg?oc=5
"Lá Vem o Enem: videoaula explica como dengue, clima e saúde pública podem ser cobrados no exame",Jornal da Paraíba,2026-10-08T09:15:00+00:00,saude,https://news.google.com/rss/articles/CBMi1gFBVV95cUxPdXlBT1g2cFM1eXFheTNVQUtiTUtXWFp4dElJcmtNQjZjT083WXFxUUl6b2x2TnpUSnlKYkQtUUhOckY2WEdVQmV2TUp2YTB2b0Y3TWZyYVBiTjRFTEl6WU1KaHVhWmdXSjZjM1c4SzUxVkNHQWdWOUxGRWZSZFptQkVXSnVXR3pPbDBIS0xtbEFLMTlJY3hCYl9PSFFDLXFJUENlcWx3ZFpSamtVU3pIZ1BTYkRmSnN0cklNQk1VbUpPTlB5bGxaUktfZzV1T0NLWjBYUzRn0gHWAUFVX3lxTE91eUFPWDZwUzV5cWF5M1VBS2JNS1dYWnh0SUlya01CNmNPTzdZcXFRSXpvbHZOelRKeUpiRC1RSE5yRjZYR1VCZXZNSnZhMHZvRjdNZnJhUGJONEVMSXpZTUpodWFaZ1dKNmMzVzhLNTFWQ0dBZ1Y5TEZFZlJkWm1CRVdKdVdHek9sMEhLTG1sQUsxOUljeEJiX09IUUMtcUlQQ2VxbHdkWlJqa1VTekhnUFNiRGZKc3RySU1CTVVtSk9OUHlsbFpSS19nNXVPQ0taMFhTNGc?oc=5
Petróleo dispara com persistentes preocupações sobre a oferta no Oriente Médio,Money Times,2026-10-08T13:51:00+00:00,"energia, internacional, oriente_medio",https://news.google.com/rss/articles/CBMirgFBVV95cUxOdUVjT2ZET3BoOVotanNIRWZ6MjNwMUJ3Y25OV3J3WnJaWGFLOUYwUXppRG8zNzhkSVE0a0o5Q3NTM3Npc0NzbVdpb29ZMzFXek5JSTAyU3FvaEkwSC1uTWRtMjZyN3FFZFVWcTV1NzlxLTFzU0t0U2VLRjJVWVVGSUdPWUotVlRqOVBIMkcyR2xvWjNhTDhtdWdyMmthQ2liUUlXdUk0bV9fbWRBTUE?oc=5
Cientistas criam primeiros relógios nucleares funcionais do mundo,Olhar Digital,2026-10-08T11:34:00+00:00,ciencia,https://news.google.com/rss/articles/CBMivwFBVV95cUxNdG1tbU9pN0dCaXhzTFNSZUEzRVZoMEUybXU5ZDV2N2hfb0NsZVNNeVZCNnIxM2otUVlQdmdHMmJKbDh1eDZGeTlZU0s2NERMc01QQXFLeGdJZG4yUHdKbV9kNTdzNXM2aDlrY0V2TEpiWEdKcVFDdk1yLW1jRzhwTVVaM1BQRUtqdlh1VjRyRnVDeEhPZW84OGJKZnZJby11aUZwdDFYdG1CRHpZQzB4LW5tenZ6cDVBY2JRenhuWQ?oc=5
Indústria têxtil do Brasil e do mundo invadirá Fortaleza,Diário do Nordeste,2026-10-08T08:45:00+00:00,empresas,https://news.google.com/rss/articles/CBMi2gFBVV95cUxPS1pVVUlBOE85dUFsZDNnN1RCeVByN21YcjNfdmItYl9SN2RGTks0WEdnaEc1ODJCWDhnUHVaWm0tbFF1Tlh2MnFIVXZ4TXdFZlo5SUUzVURXWmlXUmpQNDd3TS04U3ZscmN4N3FpeEJNNDNfWVZoNVRnTGhNSFRhNkh3TFc0X3RON2hub2Y0UWRzUm00LVV3bFhtZGNxdjJ3eDU3SWllOEN2ZWZtdTVpcXU4R0xwUWp0REd0VkRkbi1OVWpOOHdmdDgxZzVBbTNkc3dxMHdHNHJldw?oc=5
Nobel de Física celebra cientista que abriu uma nova janela para o Universo no gelo antártico,Olhar Digital,2026-10-07T20:32:00+00:00,"antartida, internacional",https://news.google.com/rss/articles/CBMi5AFBVV95cUxQTGxtYTR0eUVOVXhrejh0Q0xEdDI2akVERkZ6OERyb1d5ZGJkekxKbzdOUVRoZWpuQWtkTVJyNnVzWDNkQVlOanZPSUR3Y1BocnpDR3o5Yjd2a3RITmY1YTZ3WjBMWk9GMnYwajRPSVFEbDN0ZkRLVUc4UndXWjR6NXlYdndBT3l0STZlQVBFd090Qk1pY0lsM1hFMFNvUlNlbE5tV1NuVWRKejZ1QjJwWmN4S2czY3RDb0dlWlNJcGhJZGNLcjZUX2tvZ1puSk9XR1F4dE5jejRrRk50OHFMZmNrMDc?oc=5
"Livrarias apontam atrasos no pagamento de manuais escolares, tutela diz estar a pagar | Educação",Público,2026-10-07T20:00:00+00:00,sociedade,https://news.google.com/rss/articles/CBMiiAJBVV95cUxOMVFUVXpDNWx5ajA2cS0tVmViWjc5TW5HUXowQ1h2Y0xoczg4VDlSVWdBdFB1cjE5SjNnMU05Q1FkNmxSa0stSVhqT0g0NEJfUlgyZnFnS1R4d2hyejl2MHl2V01hUmFneGxxc2ppUEdiR25PdkNrdjR2WHhjTUl1Q24wcl8yZk9aZG1zNlB5VlhZdnVDc0xva1hFLTViSHJyMW9pX2Nram5YREowRlp6MUNGa0txUnZwdXNNb2U0M2VBZEFRWWUzVTQxeDVQb3ZLWl9yYjM4N0dYT0VmNWstWlZFbmpTaExnbWtCQ0Zsa2Z2aEpOVFFrY1Z3a1NXckcxT2dIbmJ2amY?oc=5
"Mochila com drogas, pistola e munições é apreendida pela PM em Parnamirim",Tribuna do Norte,2026-10-08T14:40:46+00:00,geral,https://news.google.com/rss/articles/CBMisAFBVV95cUxORkZWZmRwUlcwU0ljMDhPcjhEeE5IYzVEaUxUWmlOeGNRcUx1a2ZQZG5vb2Q5engtalhtTW9XWTBEWlRWc3BPMnI3Z3N6djRRVkE1MkVidC1lT0c5ektFSFlTa1VBWFJpemhQai1vZk9xNW16WXFpZXRjMUFRVTNVRjQtTjJIa2FwaVlpeXVTNWUxMTNMV2FlSDlldmozLXlfenk4WmJIZTByRXpZa2ZhYg?oc=5
Eduardo Baptista exalta postura do Inter em vitória na sua estreia,Gazeta Esportiva,2026-10-08T14:33:00+00:00,esportes,https://news.google.com/rss/articles/CBMiuAFBVV95cUxPMkY0QklKNVI3b09CdXRfLS1Xek9Hc0hlZWpwT1c5bU9TanUxM2tETTRVYWhVZUlWWjNjODJCTld5OFdyVF9lY05HMC0tMFBveGM0Q0JyeFMtSjJ0RU9pdXJaRS04YmpaQ1RKc1R0VEQ1OXN1ZUNvc1Z2OWN1dUxFV0tTMkI0MnBtWmdGeTVjN2ZwX0lIQWNNMllEZFBmYVQ0QzRtMW1ySlByN1dyUE8zQWNxQWdaUHpa0gG-AUFVX3lxTE5YVHpzb2ttU284SUlzVFE1Zm95LWFVb1ZoTmN4T2NzWndmeWY1bm4xVWhyQWl2elJhMXI1bzQ1Um0zNm1jNmUxVmoyRnNpNm1CaGF3dXVvTkhvdlhwTFdIVjVVQWVyUEFuZGNJRVpRVVR4blEzNXV3a19uRkc1NFNHQ1NtTi1rdHR4T1B1T3NjbUZHTGV1Y3NnR1JfX0xYdnVPSUtCMTY2Mm9WQ1FlQ0hadW1INWg0UHNJWGhLNFE?oc=5
Podemos oficializa apoio a Flávio Bolsonaro no segundo turno e amplia base do candidato,Diário da Manhã,2026-10-08T14:08:00+00:00,politica,https://news.google.com/rss/articles/CBMiuwFBVV95cUxPMF9SbG8yekVJNVFfNnNhVl9DckRQQTlVSXFPTmN3enZEak56YnlFajhiY2ZxWmpwc0dEU0taRW9wZlZoWFRfRWllNGgwbGhneXdOOVI0dG1EMFdJYTJ2VG53LXBXVmpGeFNxMFMzNTR4bzFEck05OVYzX1ItNFFIaXlvbnhlSXYtN3ptbWdab21hdS1EN3BvaEItazRwcjNOZ1A1QjU2NVdaeWhuRVlsWXRmaWo4bG1LNWFV?oc=5
'Enorme erro': analista aponta limitações do Exército dos EUA para ocupar o Irã,Tribuna do Sertão,2026-10-08T14:02:00+00:00,"americas, internacional",https://news.google.com/rss/articles/CBMi0AFBVV95cUxQS2gzMjlXRnRycFhTelFXNldPMDJ0QnI4V3BtNGgxcUVfalduTWwyQUlNMWpBY3h6YW82M0c1Q1U4SjVNMDR0ZHNzZDI0MTZLOERnaGw4bW1rU3pNS1BGTGl3bU9na1VfQy0yWk1ZRXp3Zm9EQnNfbHJQZ1JuNnh6VWFITzB0RmJYZzdBdC1VMy1Hb2FyellPT0xKQ2tlbER3Y1Rudjd1QWFBaFh2VTYwNmFyQy1GS3VhTW9zMUhOd1UwbXJEU0dHbW1yUDRTVGp3?oc=5
"Crise habitacional, um tema central nas eleições gerais antecipadas na Espanha",UOL Notícias,2026-10-08T13:36:17+00:00,"europa, internacional",https://news.google.com/rss/articles/CBMi3gFBVV95cUxQR0hxaEJhN2ZudUJwSDMzNTJXQ3NGYjZRc3I3by01WG9ORnNvYWtORzlIV2tJTF84cEVRdURhVEdqcUp3bUtZbUZrOTR2cGZxb2pvUXJoVUlETFRoblVMY3BIRU42NEd0NnN0Ni0zaHFtdktZbFViS3BwZVIyUTg2YlZMWkdUeDA0N21kOUxoNXB5STRiWnJKZnVXY0puQnMzT3F6dUNQdk9EOFpiVFVLcjY1ZXM3UE9IdTRCcXBvRXJsNEs2VXpaaXltVVVhenB5LThwMjdtSEZwdU84TXc?oc=5
"Paquistão excluído do troféu dos campeões asiáticos após recusa em jogar na Índia, Bangladesh junta-se",Zoom News,2026-10-08T12:37:38+00:00,"asia, internacional",https://news.google.com/rss/articles/CBMi2AFBVV95cUxQLW9fNWkybzlOZVhhWXVHdjJ6WllURkluYnFxYTdsOVd2M0lEajR2eTZLWWNnZmlMdjB2UEpqTmJIc3BxLUJBbEt6eE1zX0NvaWZ4X0pBTDlLaVVqNXJJaUpRQi1KVXRpV2JtSmZCV1NsakUwblF2ekx2RjRyaVdjLUR1aHd2QlpTa3hBeXhxMXRYMF9RU2RRRkVIdkhmdTMyUzFlbmZiX3BYajluSDZpdkk3UC0tVzNTZUk5RjZEeHRJX1hXMXhRckF0Umc0aGxTeXdrVHUxaDfSAdgBQVVfeXFMUC1vXzVpMm85TmVYYVl1R3YyelpZVEZJbmJxcWE3bDlXdjNJRGo0dnk2S1ljZ2ZpTHYwdlBKak5iSHNwcS1CQWxLenhNc19Db2lmeF9KQUw5S2lVajVySWlKUUItSlV0aVdibUpmQldTbGpFMG5RdnpMdkY0cmlXYy1EdWh3dkJaU2t4QXl4cTF0WDBfUVNkUUZFSHZIZnUzMlMxZW5mYl9wWGo5bkg2aXZJN1AtLVczU2VJOUY2RHh0SV9YVzF4UXJBdFJnNGhsU3l3a1R1MWg3?oc=5
"Petroleiro atingido por múltiplos projéteis no Golfo do Catar, diz agência marítima",BBC World,2026-10-08T12:11:31+00:00,"internacional, oriente_medio",https://www.bbc.co.uk/news/articles/cqlydk7796wdo?at_medium=RSS&at_campaign=rss
Nick Fury vai voltar: Samuel L. Jackson confirma retorno ao MCU em filme dos Vingadores,Canaltech,2026-10-08T13:33:00+00:00,cultura,https://news.google.com/rss/articles/CBMixAFBVV95cUxNeEY2SVV2NXdab2k1Q0IxZTBDRGg0UVRVZURSTFU2YUpqd05XNEFGdllrLV8wY0tGNFNFNUF4LVdJa0VCeTNrUHdBOU95SUt2OWZBR2hVMmc1RXJndjh3YVVuckRIdEVLeXFNckprbVNueGRlLXM2UzBZWnhLclBkdmtVaDRLYlk2SGEwTkJjRXZ0SkVZcVVmTnFWMWVDc1lON1lzWFRSVEItbDJZa3J3ZDNxLW96QTlsYmdfWnNYVlljbXpt?oc=5
30 milhões de crianças estão expostas aos riscos climáticos,Gazeta Digital,2026-10-08T12:24:00+00:00,"clima, geral",https://news.google.com/rss/articles/CBMitwFBVV95cUxOTTVuWUJVMEF6aGJwSEthUjlCb2NmZXpYM0llbnQwUHZ1bEZOX0xrOGc3bkZKekVHbWxnNlNUTzVnMXlFQ0VvLWRaTWdCcEF4REV2SVd6cDJPZkQtemUzaEJJRi1uazZlR3JsamZSbTRpSl9qN05BTVVGZWxwakJKZ1NaWTNjNl96WjBNOW83Y1I3ZGFfZVlzMll2TWJHVm9OekJFaWpKZ3lxcmtkamRkSUhJWlFxQW8?oc=5
Líderes religiosos do Sudão do Sul pedem suspensão das hostilidades e proteção civil,EWTN News,2026-10-08T12:00:00+00:00,"africa, internacional",https://news.google.com/rss/articles/CBMiswFBVV95cUxPWnhWWlJ6bEwtbHEydzNVbHBtWVlOXzRELXlndl9sS25NYTY5VHNlUHpfQXdJYVpWbWdVdUxYRFhiTmF5TEwxX2h5SXh1T1NUM2JicWMyd0g5T3FRN1NGcWlvOWpBVG85SEtFU3dRUGNnOWRYT2NlY3paNEUyYXVheFBmcjZNZllmZXhCU0Fmei1HaEJINXhjTzB6VnNMRW1ZOXdKQnFlLUJDN2FZX2QwS0diZw?oc=5
ONU fazendo as Nações Unidas: Será que seu próximo chefe conseguirá consertar um sistema sob forte pressão?,The Times of India,2026-10-08T11:38:00+00:00,guerra,https://news.google.com/rss/articles/CBMi8wFBVV95cUxNS016RGtueFdQd2lneTF3a1NUa1hzNklpZ2xGclVEdTU1R3lDZ3cyT082a1lqc18yNTMzdnhFakJvOWJndVdpbVROZDk0UzQ2TXB4X1pvS2Q3cERDVkZ2TlpJWEpxOXVha1lhQ24tR2dkZ0hYdE5ldkNJWGlwRXlWRVpvZ3BqQ2V1MWdCUEtteU8taERHX01EQlZyRlk4bE0xQVlZNEY1X3EwbkZrU3FpU3BXbmZhSVlENlZtb05hMV9lWmd2Mnc0TW5RcGV6OWM3ZGlEd3pJUjAtYzFRcS1wVTlSN2x3UmpuYmF1MGpwYjY2Y3PSAfgBQVVfeXFMUGdYTXdFMFN6bGI5R0g5bFRTX2FiTjlpR1Y4NktLank0OGgydnpDbk1MRzB0ekFCTkQwLWt2TW1rQTdCODF5M2tQWVBpaUUwWExZSmt0UFBTR0RYTldTTVlnQUp5cXNVNkF0cV9GQ3podkJ3YUpkMEt5M25IVEFFVXFST3JJY1VIMVZ0a1M5Nng5UXpkbURLODVFOVVvbEpTTFB5T1A5RC1SWkNIeDVJbnlpUGRDZ0QzbTBxd3k4a3R1TW9GMTE3VW5KeXhCY3NTdmRMaTlHaFZKZVJDZ3l6YV80UzFVTlZCcFNrX2Q2NDlRSEV4SjhuZm8?oc=5
Exagero ou novo patamar? Juros americanos em máxima de 24 anos dividem gestores,InfoMoney,2026-10-08T12:43:17+00:00,financas,https://news.google.com/rss/articles/CBMivwFBVV95cUxQNHNqMmZHdFh0NF9lajAzdUZZbF9rQlh6TnlpT1NxVkxkX2JoeFJkcVpMZGV4Zmp3S2dtWXNPcGh0d3ZZTWNkOEMwbmFkeFF6UnVrQmtQRllWcEV6eFRMdW9pOWxvVUJkMlBvQUxVYlJVN0ZXQmYtMjJqbE1xM2Q0Sk5hOHNQZVh6SjNNY3Z6Wl9uM2V4ekV0RkJ0Mk5sbFdNTE5YeWZaaHVzcV9ocDdZLUNWSGpkanBjRHFUQ1dHY9IBxAFBVV95cUxOeEY1NWFyWVIxOWVkQ0tGLUtxVkt3OUFYdkM2VkxyUzdhV0dDSW9ncmVlVGEwOWYxTVAwUE55LWpFQWEyb3JVYzdDbkc2UVNKaWU4M2dhbzRPa2RxWTJNS0NqZUs1d08taURMdHo2b29tU2VFd1hVNTcwOTNWT1J3bnYzR21tVzFjZVBxeG5Lbmk2NVFTbjBJM0ItRUxBaGlUdjh5cWx5bDFpdDgyYk9weGROMWdoU1dwTGtkNUt4alJMVTkz?oc=5
"Plano de Flávio ameaça aposentadorias, saúde e educação",Rádio Peão Brasil,2026-10-08T12:11:10+00:00,economia,https://news.google.com/rss/articles/CBMijwFBVV95cUxQMGE2QlZpX1UxcG1mR0ZUZ2ZZTDgxTkdfX1JRMmJJVW5OQlVSNGV1YTctTHZSUkF6UGxGWUZMS2xiaUtCekRhTDdyTkJuV2dRNncxeXJBb0VRYVY0TVZyd0NOVWZVc3kzajhvaVhHaktKY2NKcElpSVZGMmlkVlE2clN5VFdFcG5pRkxKTkFoWQ?oc=5
"USDA deve reduzir previsão de produção dos EUA para milho, dizem analistas",UOL Notícias,2026-10-08T13:30:00+00:00,"agronegocio, americas",https://news.google.com/rss/articles/CBMi5wFBVV95cUxPMmtpR3pmVDZEX3JydzZUcHhia2VxRFZ3cG9lcjRtcGZnNW1pQ05jWXlabTlaMlFfY29iLVVwT1dsM1FIcXZOdDg4S0c3RzlVT01uVnBQcHJnU05zQmJJMzBTU2V5aXBNdElxS2hIaUxNNWdMZ0x1R0dsR0FHMzZfTVRFdEtfTERlS24ydThOd3NUUk0ybnZZRWFUMERSbjJIYWtmNjdRNEs2czAyV19BT3pLZTZaVHVwRDFoYWRTQnBsWm1DVS1qZVBCcE5Vc24tcFR1VElwMUZnaDA1N1loSkJWSFRLLXM?oc=5
SpaceX reutiliza foguete Falcon 9 pela décima vez no último lançamento do Starlink,Mashable,2026-10-08T09:59:48+00:00,espaco,https://news.google.com/rss/articles/CBMingFBVV95cUxOc1pHN3U1ZWxZOWhUNWZERkFEbTcyTnhleFFPR2lqUldPNkxQRy1mbnFFRUNIZngycF9lR0tHamtwNW9zQ2VWaVhnZVAzSXhYYkF5S3hJT09SZHNtZ3p2RDdLa1RNRjhJMTJyYVhBUTU5cVZwdk4weUlSSmRyVjMtUERxX1gyZlItUkxSZGUyXzZXUXRycmktaDlLX1loUQ?oc=5
IA e cuidado humano: como a tecnologia transforma tratamentos de saúde,Folha Vitória,2026-10-08T11:00:00+00:00,tecnologia,https://news.google.com/rss/articles/CBMivAFBVV95cUxOMFRYUFlrZlZUSnNablVHT25tVzVxOFNxVGFtMWJfcVFpeGcyV0Z2cmV3YXZmMTVyQ0toa0xpS2MzSnJOX2w0XzQ2Q3dHeU96a2dnQWtKRnI0dXFHTk1FMTlQUUJLWWJZNkZKWDNRZ1pBenBKR3ozd0RVWUxuT0tjdG9XTHVxblZib0c5VGVMTFFYWXh6Y0tUVWlXLWlRckdCRTVMenNnc0ZLZWpRRER3dnllUWxMZlNzbzI3Qw?oc=5
Trívia Trens começa a retomar operação pela Linha 13-Jade e Expresso Aeroporto,G1,2026-10-08T12:01:00+00:00,logistica,https://news.google.com/rss/articles/CBMiggJBVV95cUxPTWpHZlRHdXRkV016NHpDVGZkQkhCQXJTc0NHQ0ppclRnWE9wYXItSmtCVEtGeFZtWUprRzBpa0txdFRveXJ1Mmh4S21hMW9oY2xGaHVvNDlxX3J5Y0dHZGM2TTVZT2xxV2haVE9UZ1ppd2xaeDYwWkpQN1diOFVnZlVzQUZ0Q2RaOEZBMUVJUmxkN05KOExEV0VoMUtVMmhyQkVYT3A4WFltbFVLYko5TnZ4Z0U2cGFqVU5URXRCdWFzc3JzRF9fM1pLMzlkTmc5T3hpS1ZNbzZVd3FXWUdtVHJkdWVPbUlsZ3ZWNFBfXzREdHhUdTJUTHp5TlRrcG93dmfSAZACQVVfeXFMTTlaamFZVmtXckp6QUZKTzNBQmUyelU0dXBhNW1NY0plOFltcnRlLU5Dd0dtNG5VTzRSczB1UDRCRFI0bTltR3NsWnFrNmwwbGFXRndUMG9sR0dpNGJyb2JYWl9UckhreGtKMkQwb0k1M1BpaUFkdkZfcjVJMFlZc1JIUVh3SllZY2tlLVRNRlE5cDlnYV9RVTNoWmdYdTVJT2tZeF9KMWNwb1pZLUFOR2xNZzl1cVpjM3U5WVhVMVlZRnlSMjZkMTVNTTMxcFpVakREOHowQ2JLbjE1Rno3ZEpPcTc0dmVaejNYSFlpbE5ySmhBUkoydjRjSzdnYzZYRVlKQjA5WUVyUS02WXZJOXU?oc=5
Assista às últimas histórias do 9News - Temporada 2026 - O mundo faz uma pausa para lembrar os ataques de 7 de outubro,9Now,2026-10-08T07:56:31+00:00,oceania,https://news.google.com/rss/articles/CBMijAFBVV95cUxNODV6SGJ5TFZVbDlMTEF3WmVjNlNHbkQ5TWl1UmRmVHVvNDFrUkZyeDNwdmxfQ1NKQ0hZOGR1dk16Q0RpMmVnUThnUXdEcnZudE55RVJJMDN2aU9vVmFDTmhHamtsRFRzd0JqQlQyNFBvWWEzYUJ4RWpRR2VxbDl6aWszZFcxeUszYU9udQ?oc=5
ES terá mais 4 mil cirurgias para pacientes do SUS; veja quem terá acesso,Folha Vitória,2026-10-08T09:00:00+00:00,saude,https://news.google.com/rss/articles/CBMisAFBVV95cUxNNzE3eTlicUF1U1F5UVJSZUltUmVCSDdzOU53SlFodjVUWHhfTjJkOGw5cGM2VlNVcW9WS0xVRTVLaFhuTklRZU43VUs5NVdFSldPb1RKM01VUDkxWms2Ukw1alNHaTcxREJLT3MwOVpKV3FzSHgtc0gwZHhnS29VUUVKQ0RPRS1RclJaWExFb1kzZElIc0JWeExJUWhzdjBHUFFaZWZ2TWFmbWhGYnlvMw?oc=5
ENERGIA ELÉTRICA: Falha em subestação particular deixou serviços 190 e 193 indisponíveis,Rondoniaovivo.com,2026-10-08T12:53:49+00:00,energia,https://news.google.com/rss/articles/CBMi2wFBVV95cUxNNnhlV1VDUF9XUlJUZHlObnRiS0lCVnotVFd5WGQzZGEtVUZ2YUdQSEhLWXpMQXAwMzZ3X2xpckUzaENCaGdMLUdmblFIS2xLU1VGMGRxMWswdDd4bmlzYkJXLUoyaWJJaGxPdTEyT2F3VVBqUF80akxKTzVpZnNUYkZ5SmhFTEg4X3BaTkpRZV9lR0NLdFBTS0dzbENWaUVHel81M0VpOG1hbmxSY1RXVXNLUTJsTU1OT04yZmFEVV9Jclh4MGJyaVM0Z3lsV2dWcGxlZDZkWFB3YWc?oc=5
O que é economia do mar e por que esse mercado ganha importância no Brasil?,Economia SC,2026-10-08T08:02:07+00:00,empresas,https://news.google.com/rss/articles/CBMirgFBVV95cUxQYnlEWS1NWE9JRXloc0xCTlFmZFFJdVZ4WFgtcVB6aDhjQ3NJVGhjcUFvbC05cXcyUHItcGVtMDA0WEZmcE5ERnUwZDFiX3VvanBPNWQwLVJaSGgzTXRQRmVOaHZvc2xsZHhZRXZURE5CTDNoWWNYNHB4blo0Y3BXd3N0RkZPU3p0RXFtdVI4RWIzbWZieDVyczl1N0E2S09GQm5XUllVWU1aa09kUEE?oc=5
Este surpreendente fóssil de mamífero está dando aos cientistas algo para mastigar,NPR,2026-10-07T19:59:16+00:00,antartida,https://news.google.com/rss/articles/CBMinAFBVV95cUxQUDR0M3djcjNIRUF5RmFQdXNadktqVXlKYkJ2Q0xkUmUteVJUWDh2MXFSZEtaQnJyTi11Y1JiRV9kUkNUWUUtTWhxeC1hY0hGcWtkUGJZVUctZjBSdnVhem1hanlPVkJlM3lJUE51amVlaXM0QThyV1hFaUxrekdNNWctSUZXMHB0Z01rMk9MQnlWVjVBRGZ0VUwzSXY?oc=5
Projeto associa história das Copas à memória de quem acompanhou os Mundiais,Informe Manaus,2026-10-07T18:16:52+00:00,sociedade,https://news.google.com/rss/articles/CBMirAFBVV95cUxNelFTb3p5NGpWT3V1d2V1Q1p0WDE5Ujh1Q081RnFISnF4aGF2bGtfRk5hNldyald6VDJyTWhGQlhMN2lwakFrS0I2S1M4VXZNMFMzcVgxUi1PYXJ0ejRfMmQ5aXJyanNELTlfS0JsRmJoaDVOQmxPOXpaMmdwZmpGMGxLNEZYVk1rWGFocTlyTkdVMzVKUXRZc2FwMjR5eFBZTTQtM3draTc4TnVG?oc=5
Clickjus: Advocacia paraibana se despede de Marcos Pires,ClickPB,2026-10-08T14:39:40+00:00,geral,https://news.google.com/rss/articles/CBMigwFBVV95cUxNT1ZUN3lvOTFENVA4Q0lVNWZaZGliY05uSzdOQzBaQTJxWVQ0Z0dGbnpySjNreVk0aS1fMTkxT0FfQzFFeV82TTkzTXZIbWJ4MnJaeHB6cmQ3OHlsanQ1Mjc2cThGeko2MC0tTHYySXVEekpEcGNlVHNwT0RnamgybFhrNA?oc=5
Inter vence o Corinthians no Beira-Rio pelo Brasileirão; veja lances,Gazeta Esportiva,2026-10-08T14:30:00+00:00,esportes,https://news.google.com/rss/articles/CBMiugFBVV95cUxNcGVpNE1ubDlPUXVNX09OUVI0MHdwTG9ma2FIMEw3SzVTeXAtcmRiRmtyQUxPdVZNNGhraTRCYlc2cW9ScklIY2Fmc2ZVeDFsZG1sUUxWRVhCOHNfY3hDUFhvMk5XOVo0SVEwTks3bFRoZkZtem8xS1NjQk9aYkJFdmNzbkk5WmowaFdaX1pRNzh0UUtlc2hNazE1MU5vRmQtMmxJXzhWWWVFdTNjelJCQ3J1M2VPenJfSHc?oc=5
Ilde Taques nega oposição a Abilio e diz que Câmara vai trabalhar em ‘harmonia’ com prefeito,Olhar Direto,2026-10-08T14:04:00+00:00,politica,https://news.google.com/rss/articles/CBMiygFBVV95cUxQazlRWm1STnZnX0ZGWm5FRTIxY05wWENCZTVJRUczak02OHRVZnpGel80UWxwSEtObTVGbDZYUmJIeG9UNzJETkVrZUp1SU1vUUJzcUdLV2pYV0dCUVdyMWhUZTlVRS1CT0NUendSc2VXNS1sMFY0SVJ6eDdLZ0FjM3lUaE1LMHJVWnV0aUplamlkWS1taldaM3JtMkVjdDZRSlRRQkViNTBHMF9Zc0FtbFpfZDl4QUJyRkluTGZqb0wzbGdoQkNZNFZR?oc=5
"Eleitores de Trump não estão animados para votar nas eleições de meio de mandato, aponta Reuters/Ipsos",UOL Notícias,2026-10-08T13:57:34+00:00,"americas, internacional",https://news.google.com/rss/articles/CBMiggJBVV95cUxOV0R5Q2RDWnVDT1VlNGFVcTBobHUyWmZpbkNQQ3BwejNQZ21KS3JRMFpLdzM3M2t3Z0lIR3JkRU5kdGt1ZmYzel9iTzk4bTBQY2VtWC10VU1RSFhaZ1pzZmlySGhPVU1tenNyUXdpV1ozd01Sbmhkby13c0l4eDBSbzh1ZmNqSkIwRjRBeFJicnEwUllkZVlhdjJweTF1d2dLckFWMUJlRm5jM0c5c3VvMEN2MnJCdHZhY0xTVW5hT3cxbk5WSE9HQnZJaWllWm02TXpOVmxXU1VHUVpSSlVNU0JDOHFybTdaTGtmbXFpQVBMWGpxNmg4OWE0N0g4LW5mQUE?oc=5
Hugo Calderano domina alemão e reencontra algoz olímpico no China Smash,Olimpíada Todo Dia,2026-10-08T12:36:10+00:00,"asia, internacional",https://news.google.com/rss/articles/CBMif0FVX3lxTE9ybjlRdXZYNVo5ZGVMSC0tLUZQVGt1c3UxVm0tSzV3Ull4YWw2Qi1JZ0t1dlVwdnYtWWwwNEpsRk9kMmJPNjl1czdFSXE4TzRVa3pSZFRsSkZKaHlaNElUblhSYkxSS0ozU3prMXh6c0lmd05VcF9MYi1Bd0RpZkU?oc=5
"Explosões ouvidas na capital saudita e no aeroporto de Riad, além de outros acontecimentos no Oriente Médio",www.ocregister.com,2026-10-08T11:56:00+00:00,"internacional, oriente_medio",https://www.ocregister.com/2026/10/08/explosions-saudi-arabia-riyadh-airport-mideast-news/
Quinta-feira tem chuva em todas as regiões do Brasil; no Sul há risco de temporais,ICL Notícias,2026-10-08T12:04:32+00:00,clima,https://news.google.com/rss/articles/CBMif0FVX3lxTE9TRDdseUxXX212TnVGaTFwODZfWl8tSGV5SGJDcy01WGZmMHRIQXI3dWFzNEg4dHlzYTVYc3c5ZzFpN3Q4ZE1rY3NLMVJncGt2OFFYQTFqdGhLWlJrSnBpOF9rS1ZhWlFfdmRlbTd2bTNtUGRsNmRva2RRaEdOYW8?oc=5
Lesões por bala e explosão… e uma necessidade constante de sangue: dentro das sobrecarregadas enfermarias de trauma do Sudão do Sul,The Guardian,2026-10-08T11:30:00+00:00,"africa, internacional",https://news.google.com/rss/articles/CBMikwFBVV95cUxOY3dVUzFZekRqYmRqOS1YXzd0akpLSFdzbElTOHBfM3UyT1RDVXdhbkhuR2dCc1M4aTh5NXZ3b1pZcVhJV3hFblJnNGhBXzY4alV1dG5JdzYyNkZyRDJSdXBBa3M2SncwZEVkQWtQTlktR1ZJSG5NaVgxb0FrU1g0TmdMUVNQMGVIUkhLNmZpWjY2eGM?oc=5
"Gaza Death Toll Surpasses 74,000, Including 300 Journalists, as Conflict Enters 4th Year",Khaama Press,2026-10-08T11:16:14+00:00,"guerra, internacional, oriente_medio",https://news.google.com/rss/articles/CBMirgFBVV95cUxQOGZOUUhSMl91XzJNcTh2OE5KYTRUdXlJdDhFWlUyRlBTV251MjBkeUcxVGNaTXA2Z1MwLXRIbnA1TWJIWkRlZ1Y2eEEwZ1FTZzJ0aE9uRmRRM1RUQnlwcy02bkw0VXVqbFA0a0dVaWRVdEx4ZTB0ajRmRGhPaU85ZExVbWxyZGRncW9IOGc2Zm1VQ2NQNFJPREUzVU0teUFwU29YREVzX1FuUFVJUnc?oc=5
Ibovespa futuro opera estável e dólar sobe com 'cabo de guerra' entre humor externo e 'trade Flávio',Money Times,2026-10-08T12:15:00+00:00,"financas, guerra, internacional",https://news.google.com/rss/articles/CBMia0FVX3lxTFBjb2xqSVUxbC02eExWTVY4MnZDNkxwdWFNa0RVY0JVT3NXU2d3NjQwTGc2OHNreXhqbnRKRkdqajd6NXF5eXp1WmVwWkZENDhlaEJWZklRV21tamRTRF9UU1ppRnZDUU5Nc3RR?oc=5
M. Luperi: Uma nova arquitetura monetário-financeira para o Brasil,Jornal GGN,2026-10-08T12:07:00+00:00,economia,https://news.google.com/rss/articles/CBMinwFBVV95cUxOTVNMRGR0WHVMOTFlTWxxZC1WVzFRT3B0d1p2cVFWcnFKZndPeVpHNzBzRUlPWlFaUHNRcVdMeFlJQkpKR3ZPT0k3aU85OVJycDJfWkkzWHZkR1pyV29iRG9seHhzQmpXQmVCZENjaVFjbHZ2LXpWV3JlbGFkOGFuM0M4VnhmcEZSSTV6RmVkWWEtTzM0Ukh5YjdZY0szYUE?oc=5
"Área de soja avança no Pará e no Tocantins, mas diminui em Minas, que amplia plantio de milho",Notícias Agrícolas,2026-10-08T13:25:50+00:00,agronegocio,https://news.google.com/rss/articles/CBMi-wFBVV95cUxObVUxN1hVUzl5b0h0eUhXeHAwRFdKSnEzZWQ0aDJSOXloSnl1Mjc1NmNDa3lJN0thc09NU0tvMjVJRlFjY0hVUDd3bWVSWGw0VTQtMk1jMDlXUE1scXFqOENGckZRVUMwQkl2YU5qX1l3NTN1WUdGMkVLN0hRSnNjRHQ0WDdFOGNCUEdTa0RVZGVkb2lnZjN3NW5zUm5HdnV6MGVzbkRCT3ZSak1EaWlXeW5yZk91RE5LbG1wNVR0MlNtbl9meTZ5WTVYRnRfVjRkbVBmTkFwRFB1X2tPRko2VGNMUEhlTW1aQ0dKMXU2OF9GVzNvRG5CeHlMMNIBgAJBVV95cUxNRWgxNzAwUzJycXVKTHp1WDVVSlNMU040N1Jib2VvWUVaYjZmQ0stOE9rbElXZmNkNThTbUs3bDZXY0JtQUE1MW1TQmswMHVIUUFYMEhNUTY3Y0taRDRVSTlCQ09ENThlU2tUdkYxVUxUcEhYVGZYcWxfYmdtYUxpR0xXZGxyNmV2d0NHRWZDZkRxTlpRLWJSQ2F2UUh5ZmJpVTBqYW1yNHBDajh0cVZjUFpaLVVXZXVvbTZ0UFNzN3E1ellxZDNLX1VHSEFDN0FZSGFsaW9yX0VaNkZUbUJHWS1yeXR6Q21jcUxtU2U5V3VTUnFrZDVmQXZQTVk3S3Ru?oc=5
As instalações da SpaceX Starship em Cabo Canaveral podem obter um gasoduto de gás natural,Florida Today,2026-10-08T09:06:00+00:00,espaco,https://news.google.com/rss/articles/CBMi2wFBVV95cUxQMEE4UDRxOFk2RWo4SGRwdVh2NzEzOUgwblRLTEJTWXJKU28yaWJoRVRoQnMxelhGak50N2VQMW4xMGlsNzRBdFhKTzRZRjRfRFhGVFZnR3haLWJDdXJ4alNUMnJLbEhFWUZjZ1RnQzJWeUJfRThCY1hUTlFvdmNGc01LZkZhZmRhOTBreG1VbmhsMjZXOW9KWWk0NU1hSF9tZlpSMFo3bkhNSHV2VkpqTUhQQnVNLXNHTng0V2lHVW5EOHhkODFINnFWcmlMQzktUi1QRFFKYTRKZUk?oc=5
Quase metade dos brasileiros prefere conversar com IA do que com uma pessoa,CNN Brasil,2026-10-08T10:54:57+00:00,tecnologia,https://news.google.com/rss/articles/CBMi3AFBVV95cUxNV29SbnNMdmxweDkxYVBLWVJiUUpJbzNWaDNNWkxITVROOFpDS0xoakVkd2IwQWt5ejJheW5LUkdpMERQLWNwcDFGaHZjUUJWdU5kRWJnNmR0U2hzWE1EMDMwbkNFVVV0aWZHWk9ncThYZmlHWlBURDNvRmRvWTIwZnpWSjd5MTNvYUZUTXFRUTdMYnBSR3ZCV0VRbHFwaktaRzZCTTM4TkVlVmNHdmx2cnBnMmYzMU5VVkozZkw3Q1lHdTRTM2M0N2txZ2dnWTdEMzFKMFY5bndpMG9a?oc=5
Thanh Hoa Logistics: Das vantagens de infraestrutura às capacidades competitivas,Vietnam.vn,2026-10-08T11:38:51+00:00,logistica,https://news.google.com/rss/articles/CBMikgFBVV95cUxQd3MtRTdvdDAzdWhEb19rQkFNWlVGNHR1SVJFdkpNY05nRW5XT0pyY0l3NlJYZXhfc3NUVTZ0eVpUZjc5cDgydkxXcHFhc24zeXRtaUVpd0ZRQjJEX1hCcElyWUhoY0ROejFGd1l5RENKaFBITnVpYXB1cGczSFpuekRkMlgwTFZMVHFaWExIb2hOdw?oc=5
EDITORIAL COMMENT | Let’s make our roads safer!,The Fiji Times,2026-10-08T04:30:20+00:00,oceania,https://news.google.com/rss/articles/CBMifkFVX3lxTE9uYzhOTURKU1lHTVpvZU5WcTVOZ0tuZnlwX21HaWR3VHQxZDlxZzZTanVFYVkyUURoWWtPdlFQYmExeWQ5TXBtaVFyOUI1UVNvbGcxdXZ4M1Q0eVAtVC1CRks0b3pCaHFmbV9XbmR5b3hwcTdtREIybHdrZ2JDQQ?oc=5
Anvisa manda recolher lotes de Imaavy e Lizbi; veja o motivo,Campo Grande News,2026-10-08T03:54:00+00:00,saude,https://news.google.com/rss/articles/CBMiugFBVV95cUxQMjQ4UVRta0xvM2gwLVRyZFZTc2xmVjZBdy1Yb0NKOGxRSHJiNEFHZlNoNlc2Tng3dEpwZzFfbjN5Y3VrbEZqN2t1bDZIdWZrUUp1TGFYdWZqeVdxY2h4RWRhVlFidGxHWUpQVnFxdlluQU9IVXdhMGoxTWYyNTIwNGhiUXRvNDZCQ3ItZ2lJRlhfMHNvVEtSeUpsOGhDcHlKRlczTWtkVVh4UHQ3RWI2T0F4UnVlSUhYTXfSAboBQVVfeXFMUDI0OFFUbWtMbzNoMC1UcmRWU3NsZlY2QXctWG9DSjhsUUhyYjRBR2ZTaDZXNk54N3RKcGcxX24zeWN1a2xGajdrdWw2SHVma1FKdUxhWHVmanlXcWNoeEVkYVZRYnRsR1lKUFZxcXZZbkFPSFV3YTBqMU1mMjUyMDRoYlF0bzQ2QkNyLWdpSUZYXzBzb1RLUnlKbDhoQ3B5SkZXM01rZFVYeFB0N0ViNk9BeFJ1ZUlIWE13?oc=5
"Dólar sobe com cautela externa, petróleo a US$ 105 e atenção ao cenário eleitoral",Canal Rural,2026-10-08T12:47:18+00:00,"energia, financas, politica",https://news.google.com/rss/articles/CBMiuwFBVV95cUxORFlzcHV0Nk5fckNKRzdWX1pMOGVGVXFCVWhrZHNOXzU5RkYyM1JjNzdiOFFpcV9vUndPLVlxWlJqWXZEV253Y0hMamp2bmlTalNwRm5OclAyRFA0SmRFcGh0ZVU3QjZaX2xRcUpOSDBrcmxGTThGQXNYWU92Uk82LUFjbTk3MWhmd2xyUDZqRk8ybHlOeWU1NG1sUDFxaVpfRHdqd1ZGLTJhZFRQZHI3dEo4a0VJUnhTV0Ew?oc=5
"Joesley e Wesley Batista, os Bilionários por trás da Maior Empresa Privada do Brasil",Forbes Brasil,2026-10-08T08:00:00+00:00,empresas,https://news.google.com/rss/articles/CBMixAFBVV95cUxNXzJqa2lGVzdKdkd3T0xucnRhM1F1LXNMRnYtb0c2Y2xfbDI4QnRCaWNhNTA1Tk1fZkEwbngtaktGTkJoeUxRZ2c4VHJNbjVweXR4QmZTUW42R0pUNkVNVkVINWFpRzl1YWh0MGFyM3lsRmVxSzJobUszcnRWYW00d2RpWkViMGV6dS1pZVRReXlWaGVWSl9zTGdZcHd5eG1wMkZjTmRfZUV3WldYY2ZZTXhWanU5RmNnZFBkUm5iaW1VSGRv?oc=5
"Por trás das descobertas do IceCube ganhadoras do Nobel, décadas de computação de alto rendimento",Morgridge Institute for Research -,2026-10-07T18:25:43+00:00,antartida,https://news.google.com/rss/articles/CBMiqgFBVV95cUxNZHZHLVFZVTU1VnE1MFJQY0pVelVmbUZRX0M3ZmEtRElubUVCQmRsMWVGczdLWEFCUjRtN0Z3R0ROQ2k3V0pqOTF4QV9kOF9FVko1Umpfd0tQZVp0RVNQbzQ0R0RJWWVQUTcwcUJqU0ZFVU1FNzZUSXpNSDJjal8xcHNqS182TkQ4OTJhcHdrQW1heTZZMkFhMUZZMUM2YlNxTkhXbDBqX0xqZw?oc=5
Médico suspeito de violar paciente em Albufeira fica em prisão preventiva,Público,2026-10-07T18:11:08+00:00,sociedade,https://news.google.com/rss/articles/CBMi3AFBVV95cUxQTlQ2MEN0Qi1yNXRNMkFWMk5rTllBdmtBUFd3dkhBYzExQTlhdHFFazlwN2U4WFBSaUh0VWlKTDFSVHR1MmFUS0ttRjhKcjVOTENaLTU1bTJxSXZwaVEwMEVtdDlzVEt5eGMwU3dmNFZBVy00dzA0d3pESmVqZ1lvYXdiaDQ1NENHdERMQ1RuTnZsRTFVVDEzcno5QVRHeEduUjg5SlY1VUFEeVJzVExqYXhJeWZRYVpwb0IxcjFyMWdwSDNZYzd2VnA5bmQ3ZlFyYXNIYllrMXpTdE1F?oc=5
Programa de diversidade presente em aeroportos do Amazonas é finalista de prêmio nacional,A Crítica,2026-10-08T14:39:20+00:00,geral,https://news.google.com/rss/articles/CBMiyAFBVV95cUxPM1ZkRFphcnpDdXM3OTJSQmVFMGprSm9YanEyWVRNQkRVWXZrLUNPODNVLWUtbnZFbVVzT21CVGZhemVZbGNqQUlKcW02S1FQUk9fZ01OZ2tSRi1FT04wZFc3U2xtV2R6NlRBT0NUa1NwSVY0a1RncVJ4R2UzQnlCbDM5TGRidFRBVG9xbjRRVEdpUVQ2NEM1TDVXY2MxTlBRVHhXYmktVEItc3AzS2VudThPX190cl92SW05MzNJZEhFNGY1UnM3WNIByAFBVV95cUxPM1ZkRFphcnpDdXM3OTJSQmVFMGprSm9YanEyWVRNQkRVWXZrLUNPODNVLWUtbnZFbVVzT21CVGZhemVZbGNqQUlKcW02S1FQUk9fZ01OZ2tSRi1FT04wZFc3U2xtV2R6NlRBT0NUa1NwSVY0a1RncVJ4R2UzQnlCbDM5TGRidFRBVG9xbjRRVEdpUVQ2NEM1TDVXY2MxTlBRVHhXYmktVEItc3AzS2VudThPX190cl92SW05MzNJZEhFNGY1UnM3WA?oc=5
"Bastidores: entorno de Diniz tem 'mea culpa', mas vê grave crise do Corinthians como chave para 'trabalho ruir'",ESPN Brasil,2026-10-08T14:29:00+00:00,esportes,https://news.google.com/rss/articles/CBMi3AFBVV95cUxPREwwYko5MWhLUzFmX3haQXdYM1UxYzFZYnFTc09PQVVZVHNRX2l2WTVsOGlnM1FMMFZ5VEpoM0dvRlREUU9WRndfY0d5bUsxOTB3RHo0VW9tZnFJQl9lY1JiVi1XTFBNTExjRFRMYlpDZEZRQnBQR1B3N3BfdkdIdGxUdHBDTzE4OEJPYy16eGZLd3NxckRteVZyaUxwTnR0WGJxQXdhdFU0dW5CYU1Qa0ZIamhLZWxadlJkTnlrTjQ3bGlUcXpKZGxRenhEaUV3QWZNYnEwYTVmOGh2?oc=5
Chuvas fortes atingem o Sul e Sudeste enquanto calor volta a castigar o Centro-Norte,Notícias Agrícolas,2026-10-08T14:03:40+00:00,politica,https://news.google.com/rss/articles/CBMi7AFBVV95cUxQUDNDVUYycU1FWEtfY01pdFpjZGFSeU15R0FrMlZqWGtkRHpOVEhVa05VTUl4bFRJV05oYlJPU3M1bGdoM0s2aXlodkxfLUo0MU9KRWU2N1ZmUlVQWi1MYnBLUXNKODVMY254aC1keXJ1bnJJU0c4T1dfZlZ2YkNDTF9WT1BOTGxtXzBLU0NiX3BWUnMwSGtMUndsSXQydklwRFE5WTlWa2pXWEM5R2pFaW1RaWdjLVViUXJvZ3h6Q0RYQnItS3JHOGx1YkxyaURiMzJIajlSeldLdEJ0c2dQM05wb3N1aE5CZllWbdIB8gFBVV95cUxQZDY2M0NPTXZQX0pXR1FKSGxFbjl2bmx1VGJ2cWlhM24wcFl3RmRsTFZwOE1zVFJ1a0RVS3pXdkNiNTB2WDhtSTZsRGRKZ21mZk5iRXdIbzRzUlk4TWpWVWpNVlhhVHlxUXJuNDRLWExsZ1dUQUtFeDM3ZFRGTjJGWWYxbzlJM1pscWtkRHdKYkNkdk9UMVdqclRVck5OdmtZalN4bmhVaHJDUkw5MTMzYVZ2X2NiWTZkYXlRNkdLNXhtQV95SU1Pc055Z1ZlTnphN1owZGM4c0txZlRwRGx5VF9wTHd6dDg3ekMtd0tnVElZdw?oc=5
O teste de nearshoring na América Latina: transformando proximidade em crescimento,upi,2026-10-08T13:49:06+00:00,"americas, internacional",https://news.google.com/rss/articles/CBMiqAFBVV95cUxPVEtZOXJab3FPT1UyVkxkTElJSGxHT0JTOEdqRVMyYndNN3I5ekxQa2w1QVozanNxaUFSVmR6RVhpTnN0bEJBcmhYbXNER3JZOV9MdHdxVmpudHBvVzEzWktoNlAzTE1WNzVrejVsSW4weUlESnFDYUdMMXdNSktJdXBBUlJuYUJ6Wm41VmxHekZaOFZYTGpKNG9oT2E5bkc3alZZSHRyVjDSAa4BQVVfeXFMT1BDVXB6TThZbTdZTVlXbndrZ3EwQWtPNmNSam9wWDd3dkZKcEJzcVpYMVRIeS1oaE1CZEpJX29sNWl3ZDdleDQyX1M4bUlTUVZqYVc1bE1xdk4xY0xma0lPLVBXdm1DRVVZWWJIczIybjBpNG1iNDctVFpsN2xyZHN2SDVpcDJTVTJyN1hLYlhDM04zZllhQkFSYVQwMVp5dFNXQjZHRDI2dlNKazlB?oc=5
Ataque russo na Ucrânia deixa 33 mortos em Kramatorsk,Surgiu,2026-10-08T13:27:00+00:00,"europa, internacional",https://news.google.com/rss/articles/CBMingFBVV95cUxQc3VYV09VbWdsSU1yd3ZoT2R3RFd0RERiWGJmTFRiNE50dGNCdTBVS1dDcFl4TlY3eHJJc1lsZ0FnQXMtTmYzcmFUQlJIS2Q5NjlObzhtZ1UtSDYwYXl2cDYzdHNFVmVoRHozT3FmdXIzLWJrc2FNb3RhallRN3BZWFduM2JQRkg2VVM2Y1VQZFQ0LTRZRFdWaVJFd2xmQQ?oc=5
Hóquei: Índia busca glória no Troféu dos Campeões Asiáticos após defesa do título nos Jogos Asiáticos,Telangana Today,2026-10-08T12:31:44+00:00,"asia, internacional",https://news.google.com/rss/articles/CBMipwFBVV95cUxQMTNBdGd2WXRZMzc4QjVYLTl4bDM3bEdMcWltY25zSzJPNTc4cnY4dWV6MUlGeHhvalN4MVNpQ2lQQzgtT2xIa2tzUlpPMHlFWDY1cVFGNFRySzMyUWJUYTBXZEFRdEJuanhPd2tBQzVzaVVEY3paTG9wWjlHcDFyd3FrNEVPVWd6MWZyTUpaZHkydDlhV3Z2ckkyZldxaUc2NzhyZjU1VQ?oc=5
Por que as reivindicações do Paquistão contra o terrorismo na ONU desmoronam,ИФЗ РАН,2026-10-08T11:47:40+00:00,internacional,https://news.google.com/rss/articles/CBMiiAFBVV95cUxPd3VoUjZsd1BjWUhRd2hwWkVuUkc0dTFsTkY5UnV3T09DSGZDMzJQSVFtUldXNUVWbjA3bjJRcXRvQ0VyZkRUSFVkRHdfb0lhVXAwTV8zQmxkUk9XQTFMa01VNEhyWlRCMGZUSDRxNjQxQV9BelY1R21xd2p0SW5sMWJzbXBfRlBr?oc=5
"Brasil Game Show reúne jogos inéditos, eSports e orquestra",SBT News,2026-10-08T13:06:41+00:00,cultura,https://news.google.com/rss/articles/CBMiqAFBVV95cUxQR3A1UFhNVjFXUl9yVEQ2cjhxQ1A1Qm1OaFJMd05zdWx3bGVfVXlIc3RCSmhVb3N6M3RaV2NJaldIdnp5SWVQdHJlbkJ0dmF4dTlxSHZuLXdTRHNDNE1yNWhkd0JHcHFlTXJaU01NbllQSjFsb2pOZWZiNVZtaGM3ZkZSVkZ2NXlsOTR4TXBMREdJSFkyeXNjSnhsRzE3Q0tTVVJsYnF1clI?oc=5
Produtores da Bahia enfrentam desafios com seca e falta de energia,boca.com.br,2026-10-08T11:56:09+00:00,clima,https://news.google.com/rss/articles/CBMiekFVX3lxTE00NWdoMmdvb3l5R2pGZGJCVjhvZll2aHRGcnV6c3RNRXJSRnVxblhwcTZiUVhaVF9YOXpqYjVQc0d1aXFzWGd5QXNMSUVUa0RGU012Nm9PNWNHcGlkR2ZqMllvV1oyV3hEREJNZWZiN3NySlFwWDVmWW1B?oc=5
Militares dos EUA são instruídos a se preparar para uma possível retomada dos ataques ao Irã – relatórios,The Times of Israel,2026-10-08T10:47:41+00:00,"guerra, internacional, oriente_medio",https://news.google.com/rss/articles/CBMisAFBVV95cUxPTmNZeUw3SVVQbXdJakFLb0JlSTJNM1BpYWxNaEZhUnBnaGVDR1lyQ0U5RGk4MDRJSnVheTNTaUppTjBJb04xVGZXdE9NZ3FIVDdNMnVmdWs1U3FsQUJxTXBac0xjWGJaOTY4TmVOSjJwOW9MbGxDcGZjS0NsVFRib0stMUgtNXU4eGZtU0UydXJoNVEtSUpJREM0Vk1URnNjNzFEOExfRVFzdlUxU1dhNtIBsAFBVV95cUxPTmNZeUw3SVVQbXdJakFLb0JlSTJNM1BpYWxNaEZhUnBnaGVDR1lyQ0U5RGk4MDRJSnVheTNTaUppTjBJb04xVGZXdE9NZ3FIVDdNMnVmdWs1U3FsQUJxTXBac0xjWGJaOTY4TmVOSjJwOW9MbGxDcGZjS0NsVFRib0stMUgtNXU4eGZtU0UydXJoNVEtSUpJREM0Vk1URnNjNzFEOExfRVFzdlUxU1dhNg?oc=5
"Dólar hoje opera estável, aos R$ 5,01, seguindo exterior",InfoMoney,2026-10-08T12:14:49+00:00,financas,https://news.google.com/rss/articles/CBMiogFBVV95cUxNdW1aSUFaaUt2bGVQNWl0SnY2VFBWNkFJcHFsVnZuYTRpZEFrNDNESmZjMlZCYzViTWFqVWJ6WFJZTGxPZVF1WmNpWUE3QmZxaWxNWGZnUUlDaDN3aGFBQTl3WDRiR2pZanQ5dURwTjU1Rmw4ZnROVkgzMDRUb2ZVakk2UjU5bUROcC1iZ3FTSF9rZ3N0aERqQUMyX0hGMGwwbWfSAaIBQVVfeXFMTXVtWklBWmlLdmxlUDVpdEp2NlRQVjZBSXBxbFZ2bmE0aWRBazQzREpmYzJWQmM1Yk1halVielhSWUxsT2VRdVpjaVlBN0JmcWlsTVhmZ1FJQ2gzd2hhQUE5d1g0YkdqWWp0OXVEcE41NUZsOGZ0TlZIMzA0VG9mVWpJNlI1OW1ETnAtYmdxU0hfa2dzdGhEakFDMl9IRjBsMG1n?oc=5
Alerta: cidades do Paraná são notificadas pelo Inmet por tempestade; veja localidades,Ric.com.br,2026-10-08T11:52:21+00:00,economia,https://news.google.com/rss/articles/CBMigwFBVV95cUxOSHNKMWhhc0k5SDUtWkdiUE5zbWlvaXJGRHo0VnNic1JNd1pvX3NmaGR0QTRmSzJCWmhxUVhZQ201TVlic2hLQ1lkZ2h6SUlidXhnNHNPSUJRZGFzVDY2enhYZ00zekRXLWVsVko2UW50X2JOdkYtaXNabXBQSVFSVjdzSQ?oc=5
Conexão entre Políticas Agrícolas e Florestais é Essencial para a Produção,boca.com.br,2026-10-08T13:10:14+00:00,agronegocio,https://news.google.com/rss/articles/CBMihAFBVV95cUxNWGZaUl9Da0VfOVhvdWdiZWtXSUptZkdzWEJBeGcxcl9rSmlHVmRfaWt1Y1Y1cE90SEF5UU50RzRWcWxJWnNHc01TbGw5TnZqazJBLW1YQUtTUjdaTzdvTWFOVmpmTWRpazA5c3V6c0NtaEU0emJlOUlCdnRCN0JhLWhqMzU?oc=5
Solar Orbiter tracks origin of mysterious magnetic switchbacks,ESA News,2026-10-08T09:00:00+00:00,espaco,https://www.esa.int/Science_Exploration/Space_Science/Solar_Orbiter/Solar_Orbiter_tracks_origin_of_mysterious_magnetic_switchbacks
Data center da Omnia terá 200 MW e impactará capacidade nacional,O POVO,2026-10-08T10:00:00+00:00,tecnologia,https://news.google.com/rss/articles/CBMi6AFBVV95cUxOM2dhRHZPSVRNbHAxbXd6VXZfRFFNaXVRRm9mZlhxeEVZS1RVUzFNdkNCSnJ1c24wTGFKcnpzNmFsblVKU2N1RlBTTnJCampYZDVrYjZBcVNTNU5QUlJ5NVBzRkRzVHVWdjc4UDE4Q1B2ZmFwaXhaYXRURzhzdkVSTHJrcEdtNlRtMU9wXy1lN052XzVlTGE5YWk0RVBmRTFUN3FhU2ZTMGNWRjVlektFX1FjRHJ4M2pRbGRlNGs0c2ZtbGlrRTNXOXFkcTY2Ukp6ZlMzb2x3eXRjV0FtV3ZCMTB5NVQ2MnNp?oc=5
Startup cearense desenvolve ‘Uber para frete’ para conectar motoristas autônomos a clientes,Diário do Nordeste,2026-10-08T11:00:42+00:00,"logistica, tecnologia",https://news.google.com/rss/articles/CBMi5wFBVV95cUxQR0lkWEp5WXpGVWlMTk9ESVZCTGRvNDdaV0VWb2xvUDN0ckROVW1QQmM2ckM5SzdBVVQ5bFJncVIycXNsRHNVZjRoV2RkMFRHbTdlZDZsXzUwUmp6WXpNakY4TkRHaC1nb01pcXJtXzRBWnRScDlkR05vRFczSGI4ZG5CRW81MVJfdy1RbXdpcS1obmcycTdFS1dhN05sTWZLRWFDV3ZpX2F3S1VqZDBUQ0hOcTl6TkhYeXdTWFJ4dk5Iamx0QnZ4ZUhGQUNraUtwUkk0U3hZQnlTYVB4M3c4ejBHNmU1dGc?oc=5
‘Moralmente repugnante’: o líder dos Verdes David Shoebridge criticou por querer terceirizar a defesa,News24,2026-10-08T04:14:32+00:00,oceania,https://news.google.com/rss/articles/CBMikAJBVV95cUxNX0pFSG5ObGh2Q092a2ZubEJUb3laNm5nVnM2VnlxZjBEX3VyMTdBaFg4N1BBU2VXQks5cVM5MEdhTnFEcXVoUjVzeS1UM21hODlPR09tUG00MUk0c1hUbGxjazVjYXlaNTRJNGRJM2pFcVAyMlVDQVNnU3ZHaVVoZm1lX21zbEIxdWd6NHc2OXVwVXBuUkNheFZNdS00dUpzVTZidmZYWjRFOXctcmk0MFYyaFY1NjlDLTRiSTJmdHowMUZWVkt3Y0s0UFJYYkM4a0xmc1NXaXAzVU1reTBmTGFac1htcnY5R001dmtpUUVrZ2IwS3hudGpBd3ZvM0xSMnRsV2NWNVZyeDFfMEVIZNIBlgJBVV95cUxPZjVEMDVmRlJpV2djQ29Hdmdjc0JUSnhZVVpkRWs1Sk5IUDhoWkxiUUJMcF94XzNIR2tCQkdNaHVmZXdxZ0dhVnFSdXJsM1U4RkFPQk1ESGJOa2wtckVPbjhfQXI3a2ZzTXc4NElwcGU5WWo5c2ZPeUFrellZdjMwSWxaSFkyWm5zalJsWHBIQjhhTk1EcWExaDhOMThOc0hUTjVaYUlNbHpOTUxEa3prZG5nWHFKZFppR0x3emRiRG45WUM0SUk0R1dJZ2RXb2w1QW5NRklZUFRib2RKMW5wY3BBdndULTFFcWh1aFFSaEh6UlpxYnA1dTFGNGNrMlJ3OVdpdEI2RE9fRUVuMWtzMm5yM0NIZw?oc=5
Hospital Municipal amplia leitos e terá 1ª etapa concluída até o final do mês,Tribuna do Norte,2026-10-08T03:00:00+00:00,saude,https://news.google.com/rss/articles/CBMitAFBVV95cUxPcTkxUm5HdERzUXVSYVprS25MbF9obUVTaUF4RU1fTUdpRGlmR1E2YjlkeVI4T3NwWFNKcEdrblV0QjRldzZ1WDR1MlNnRVJ3bzJBR01MUGo3QTVrNWpuTXc2YlJZM2pjdmJ2NkRETEZmY005b2pDLTZHanJ4MDBBM0otNjhfMzJnVkhSdG9KcDh6QkVwc0xxckpLV2VJb2xBbDRNcFhaN1c4N0c4Tmphb05jTmo?oc=5
Preços do petróleo sobem 5% por receio de novos ataques no Oriente Médio,UOL Notícias,2026-10-08T11:41:07+00:00,"energia, internacional, oriente_medio",https://news.google.com/rss/articles/CBMi1gFBVV95cUxQdTZ1eDRyNnpINlE5elpoUC1MTVZfSFBRbXJyWmRmQWhHNHNudTBLM1RoQjdYOHQ2eDUxS25OaVhRQmFuUHZNNFY3VjRJUG81V1hIYnA1NWlPQ2ZYRGZ4cjBHUEN0Nm1Lbm9ROTBOOFdOaEhlYjJRbFA2cFFsMEFEOUx4U0ZIckZvTlZHUUFuSk82QzNGTTZfTkxrMlJVdWZDUXViS2Jfd29ZT2s5S09NS2tFejFWNjhrcV9QZGZqcEdRczFMZWpwU19xVV91c2RXNXliU1RR?oc=5
Universidade federal registra terceiro incêndio em oito dias e perde equipamentos e pesquisas,Jornal Correio,2026-10-08T10:44:30+00:00,ciencia,https://news.google.com/rss/articles/CBMi1gFBVV95cUxPWmNXTlJmYXlSaDJwQ3NMaUF6X056TERmRG96Yk02VXdVZDBhWTV5enBrY253UndFbmJCeU9BQWwzamRoSTlCYmhsMVFIUURPZHdUWmFlZ3hUengzSmNHYmE0akItTGZyY3Y2UkNsSXFmcW00UUw1a0dwWU5IdWx5aUpXZUdoVGJxbFhjOHByakY3NGE1TDRWcHJhdjdVWG5WRjJXOE9adEdLbXJ2TXhZWm5FdjUzeHF1QlNBYkVBRVBZZE1HRlpiT3FRNzhDQU9MWHZQaW1B?oc=5
Cresce número de microempresas em recuperação,Valor Econômico,2026-10-08T08:00:00+00:00,empresas,https://news.google.com/rss/articles/CBMiowFBVV95cUxNVFN2MnB5V1I4WFBKYUZ0ei1hMEJkTDNKU2pfeHVrUVowX0I0TkxpbGF6aG9PM1VzM0wxSnVJWW5iVFR2OG4yMUp2R1hPMDZMT2E2andXOVRjNDMycWlTQjBwQzN4UHBwVWFDWWpMQ3hFbFQzNFRYa1lkazRHeEtQUUJvX2d6YW56RExiR25ZWXUySGM5NXdkZ2lBNUdXaEF6aGhr0gGyAUFVX3lxTE9LZ1lFSnBERjIzR2pQQks2c2QzWnRVZmVFLTFMOXJUdUhjajhyclN6Wk81NmE2cndvaFAwcTdGcnBSVDluWHNxM1Vmc1ZPaXRSNGNXeEdUY1c4UGdYTVVNemMxNGpCUy1LWUdMRDNMcmdOOHI5bTRxT1dyeEEyaV9qWjIzQzdwVTIwV1d6TTF4dDdxa1VES3NVV1cyeGZkWnZzMHpSendVYzRVWUpGYWgzYXc?oc=5
O gelo antártico abre uma escada para o céu,Free Press Journal,2026-10-07T17:18:28+00:00,"antartida, internacional",https://news.google.com/rss/articles/CBMijwFBVV95cUxPeUtyeVR1S25UYXpDaG1ic0phalA1cjh2amphWFdaVGM3SEhkakVSYW9hVXE3WmhWSG0xcEtCdHJkSTF5TlQyMnBQeWRPM25BV2x6dm5lbHpnUnhZc1NPRnpYcWc1WThvUzdnel9vV2sxOUNJdUF1eXRrajI3MEJWZ1FsTmJ0M3RtbXlDRHRiQdIBjwFBVV95cUxPeUtyeVR1S25UYXpDaG1ic0phalA1cjh2amphWFdaVGM3SEhkakVSYW9hVXE3WmhWSG0xcEtCdHJkSTF5TlQyMnBQeWRPM25BV2x6dm5lbHpnUnhZc1NPRnpYcWc1WThvUzdnel9vV2sxOUNJdUF1eXRrajI3MEJWZ1FsTmJ0M3RtbXlDRHRiQQ?oc=5
"Estão abertas as inscrições para o Edital SoMar Azul, que seleciona propostas para a redução do plástico na costa do Nordeste",al1.com.br,2026-10-07T15:37:26+00:00,sociedade,https://news.google.com/rss/articles/CBMi_AFBVV95cUxNNV92bUVOY2lJa1V5a2pyTV9reURxNmNueXB0SUl2YVVvX1ZjMjRKeFBWWjF2MXNUOXMwT09icVBsS2tGeUJxV1h0MllBRlZvWWtOT2lzRWJCWEMzU01fVUhCdzZlYnRvNWthTWZaVnJEdGhCUXRNdEtqSHhGSkllTDFOQU8wRE5wLTc3bWFTUzBaa0FVdUVfcWlDTGJFSGs5MlZTdEhMU1NqNF9JZ1l1eTNGc1ZRaWx5WEtUUDFoU3pSNTE1WDFUcFZhck50WU1qZVVPQlk4NDVnRFpEV0JZc0tndDM4Z2x3em1DZ3lxLUhrX1hNTUpWZlBhTlU?oc=5
Jovens lançam plataforma de mobilização por justiça climática,O Eco,2026-10-08T14:38:55+00:00,geral,https://news.google.com/rss/articles/CBMimwFBVV95cUxOTmdVZFUyaUV2azRwUmpGcGFxdFc2eG8yOXVIWUZtOU1MeHpGa19KMWZjSU01aUFUQ3dSTE1XdkxfMTk3WENodmpJVm1PTFNwaU5xTzJYNkg1VmJwX0YyZnNINnZlUjMzeXJ0T2NlUV9BZjJyQlVGMHQtZjR1WjA0dzZiS2k1TV9URW1qcGpXOTdTME9NRWFuekg2SQ?oc=5
Dia do Nordestino: saiba a origem da data que celebra a cultura e a identidade da região,Alô Alô Bahia,2026-10-08T14:22:35+00:00,esportes,https://news.google.com/rss/articles/CBMizAFBVV95cUxNTGEwR1JEeUV2TkNEUVVHdlFuUGotdnhVdXFLb1VudHdwbTFFenlZbHRsWkF2UmJYc2x6MWZldWlOb2ZjZXRFX01HcGRONXhVTkFxTFFrT3poTGZRUksyNGlCc0RVMC1za0dOMUtHWjBpcWxGbzY2YW9RY0l2a1JaYXdwZ3VRNjhveTAzN1BnOUZ5LTFSdEpzNUdtRWtlVmVWb3pFb3lJRTFvTTRGa2xrbkl3VmREY0k2ZkdHMDduOUpBUV9UZmhXelFYUUI?oc=5
Um ETF para surfar a onda do trade eleitoral,Money Times,2026-10-08T13:58:00+00:00,politica,https://news.google.com/rss/articles/CBMigAFBVV95cUxPY0t2X1F3Q25vQlNLV3FGU19DSnBMZUdPbVByRnpWWGdqSXZBWFo2UDhib1UxOTB2Y0tHdDh6ZWhEeFFidDI2ZkRYaUNQNlpWSFU0TGRLUnZXT3kwTDZ3Z2NNQ2VWN25May1iTDZ1UEpnelktZ0xNNEFnZDdGdWtYYw?oc=5
"Inteligência iraniana mira bases militares dos EUA na Alemanha, diz revista",UOL Notícias,2026-10-08T13:47:58+00:00,"americas, europa, internacional",https://news.google.com/rss/articles/CBMi3wFBVV95cUxQOUFoeW9wMnUyVmpaQzVmWi1HdlRyRHd2UGhvN3Z4S1lya21QNHBpYXhUVVNIWnF1UDZtQVhBZ1lvbmFFMlVUSFdZUnBodmdJRnN5aE1vbl9oM3pzdUh2QnZnRnV0c2MxQW4yTU51ODBJeVllWll1U2RsV19aYTQ2NmQ5c2pJa0hQVGpILW9Mb1pPRW13YVhZb0dLdUZ0SWMxTDVyWUFRdWZHenVxcWlJbFhEdTEwT3hlbHdEaXU3a05zVi1KUVFVV1QwRUN1X3lvX2sxbjZ6dVZha2tfckdr?oc=5
Notícias da Alemanha: Burnham e Merz do Reino Unido falarão sobre segurança em Berlim,www.msn.com,2026-10-08T13:23:21+00:00,"europa, internacional",https://www.msn.com/en-ph/news/other/germany-news-uks-burnham-merz-to-talk-security-in-berlin/ar-AA2dNkVT
Opinião | É hora da China oferecer mais do que declarações sobre Ormuz,South China Morning Post,2026-10-08T12:30:06+00:00,"asia, internacional",https://news.google.com/rss/articles/CBMipAFBVV95cUxQRnZqd0wxR3U0dGZJMnB0Wnlqd2lqOF93b0RLems5SjlpTS1SOGJjTE5BeFBmWjZBaWJ4VTlIcTNBSmxQbkc4OWtETVZVZERkcEdUdFYtdGs5U1FaQ0FBZHhYVXBUZmZONkxTYkZJMWVad1VuVmZhWE44QnBNc3FTX3pFY1FwazV4T1pCRTZVTENCU21TRHg1RFhuNzhSRWJNWGduYdIBpAFBVV95cUxQeWI1bGZOZUxxeWwyWGxLNFVFTzVGOHVPUzM3VUsyeVNEdVRaT19mVlc2b1NLUVFoRUkyU0FoMUtmczV5aDN3MGh0VkxZN1lNa1NoSFFnWE9FdlF0QWRwX1dmcmpUYWc2RU94QTZGeUJBczlQVjhlNU9zUHpjUjBMMlNZSDF6c2ktOVN3c0Y5UUVNZzRrb0JGTExxQmpGTUJhSkx2NA?oc=5
"Governo ACT, Austrália solicita indicações para prêmios de inclusão de 2026",kendranewsaustralia.com.au,2026-10-08T11:38:01+00:00,"internacional, oceania",https://news.google.com/rss/articles/CBMirAFBVV95cUxNMWM5YVBBQmItemllQTVXRThQeUQ2eDNWOGJYU2ZWUXVYZmFvUTZnRGotSGxZWGdYdzFBUUtBVWlON3BISW1jQ2V1V0RYX1VaSjZkVjBaTzhOaXNpZTRnVFJIZlhlSEpCZkV5TGxDcHZiRVpMcHEzblNicFhOV2RaTW1jMU1zblpkNTFFWWJhbl9fWEpEdDQxT1kwRnRHNF9FWEFHR2llQTBSNGhD?oc=5
"País tem 30 milhões de crianças sob risco climático e El Niño forte pode agravar cenário, alerta Unicef",G1,2026-10-08T11:36:38+00:00,clima,https://news.google.com/rss/articles/CBMi-wFBVV95cUxOc09RNGk4bUxhcG9GX1FHME5ZTnNDeHdTSzlKVC0tcExoZzZ3Y2JlSGZvTDhDbWZNOGFyQVhRcjVYcXhCVFNzLThzQUFRUzBmVUJHeFVaVGlxY2VLbXVQSzI3ZFhfRERxREdBQXJYeG5lcVoxUW9SRDJVdnFMVG9IZ3FaMFRpeW1tRk9xeEFTcHpLeGIxeHpoU2I2Vzc0Q3B1QU0yXzBsRUVDOEY3dmx4VlV0QlNvV1AxMXA2RXkxWGJIVWhWWVpsSXh1RWZjNERwNXhkU1plOE9ueHNPTk16RE95VklEcWs2VW5RQ0RUMGNQTTlzT1JiT2wzWdIB-wFBVV95cUxOc09RNGk4bUxhcG9GX1FHME5ZTnNDeHdTSzlKVC0tcExoZzZ3Y2JlSGZvTDhDbWZNOGFyQVhRcjVYcXhCVFNzLThzQUFRUzBmVUJHeFVaVGlxY2VLbXVQSzI3ZFhfRERxREdBQXJYeG5lcVoxUW9SRDJVdnFMVG9IZ3FaMFRpeW1tRk9xeEFTcHpLeGIxeHpoU2I2Vzc0Q3B1QU0yXzBsRUVDOEY3dmx4VlV0QlNvV1AxMXA2RXkxWGJIVWhWWVpsSXh1RWZjNERwNXhkU1plOE9ueHNPTk16RE95VklEcWs2VW5RQ0RUMGNQTTlzT1JiT2wzWQ?oc=5
Probabilidades para o Prêmio Nobel da Paz: Salas de Resposta de Emergência do Sudão são favoritas enquanto o preço de Trump despenca,www.covers.com,2026-10-08T10:57:42+00:00,"africa, internacional",https://www.covers.com/entertainment/nobel-peace-prize-odds
Três anos de guerra em Gaza: a paz ainda está fora de alcance,news.sbs.co.kr,2026-10-08T09:58:23+00:00,"guerra, internacional, oriente_medio",https://news.sbs.co.kr/english/article.do?news_id=N1008786994
B3 (B3SA3): BlackRock vai às compras e adquire ações da bolsa brasileira,Money Times,2026-10-08T12:03:00+00:00,financas,https://news.google.com/rss/articles/CBMipwFBVV95cUxOVGRFMUVmY2dQRHJxRHNqbW1fSmJwS1ZEQWw3WGJ5bm5TSTU0SWR0dkVYZmx4ZXdnY3ZMQjJEbjlXY3Vmb05sVEZ6YjFicTN6RXBNeFZXY0w3cE11eEZfU0lHU0cxYmR4LTdmZHZsTGRYQkVVNF83SU9lUllOYmJqZHVEci1KMFBCenNEU0NSMXh3X2hHT0E4V3NEX1BkUGpWRFI3eE1BVQ?oc=5
Proporção de endividados cai pela primeira vez no ano,Grupo AMANHÃ,2026-10-08T09:44:00+00:00,economia,https://news.google.com/rss/articles/CBMimAFBVV95cUxNcVN5WTZ4LVZ0ZDBKWDkxVDI0YXhuVHVpNF91azZZVzk4RWhWOEVLUnh3d2xUVWVQTWRsWkR3YVNQODlXZ21CVXY3eVZvbGlNQm1ORllhejBicTBJUzhtZVdKcXZCZTRHVVU4TzkyMXVCSWc2WEFfSk1VQUNXTjNfZVJXOTA2dTlSekxnd1VoVTlzTWdWLTVTZw?oc=5
"Valor de produção agrícola atinge recorde de R$ 927,2 bilhões, impulsionado por safra de grãos",Folha do Litoral,2026-10-08T13:01:43+00:00,agronegocio,https://news.google.com/rss/articles/CBMi3AFBVV95cUxQal92M2hpYWt2ekJoc29zblBaNG02TUhwSXFJcGNNUWRrZUdnaVlnY0tiOC1QbHZiUXp0VHRNOXJya1JkWmR5NHNsckVjN1BMLWtfWEwzNGZuTExMTmNNdDFYMnc0NzB3ZEo4R0lRa3JkUWxWbWpvbE1WZmFXSVR5ck1ObTNTc1ZwUzBwSjNObjI0X1Y0VHhiM0h1d0gzOTBMcHV3eFlYR0FHajRtUFhzR0M0VEROV1dvU3Q3S3V1ek15MTJQQ1M4dWtJMnpTdmlSVmN6QnJXYW9PWE03?oc=5
"NASA Sets Coverage for SpaceX 35th Station Resupply Launch, Arrival",NASA Breaking News,2026-10-07T21:16:42+00:00,espaco,https://www.nasa.gov/news-release/nasa-sets-coverage-for-spacex-35th-station-resupply-launch-arrival/
Inteligência artificial no trabalho cresce no Brasil e tecnologia movimenta o mercado global,Agora Litoral,2026-10-08T09:52:35+00:00,tecnologia,https://news.google.com/rss/articles/CBMizAFBVV95cUxPOWZveHVFUHpZd0RES3ZWTmJxTDlza2xTWjdMaHJ1LVlvOEdVY09vN1NFUUxsVk13TUUtRVFrS2FDcHpqZHNnTWdnaUpGNG42ZWpYcUNRQTg5eTBBNnFqd05lZlZXWklyaEY2NmZJVTlraUN6Zi1EWWlCSTdHSTBkMkwzNFpuS29pTFJibmFKSTJrcjlQdUVrNlUtWGpKaDNoN2czcnNuY09mZW9UeUZDZkdETDUzaW1xM29US0xCNFZEQXRUYXQyYjBfZGY?oc=5
Josi Capucho estreia como musa do Porto da Pedra no Carnaval 2027,O Dia,2026-10-08T11:00:00+00:00,logistica,https://news.google.com/rss/articles/CBMiwwFBVV95cUxPVkNhT3djX1BSMl9tRDdVMi1odlE0bnVpOGM3WjFVOWxLa05MbUx0cm55NzdPTXZvei10V1ZMcmRVWXVFaXlaVWJaN002MFNDRTlXdm0xY0hZOVc1Sk0wYmRZeGhXdHNnMEpyWWZHdTJGaTFmUElmV1o1R1NVbDFDcEhzNmVSVVlJQTBHTUJrUTJEQmFLYzBGZ2dwNUNQSDI2R3NTTWhBclVLaFlpQUd5dF9kZ2FHR1RuZjVBYU5QX0NnUXPSAcMBQVVfeXFMT1ZDYU93Y19QUjJfbUQ3VTItaHZRNG51aThjN1oxVTlsS2tOTG1MdHJueTc3T012b3otdFdWTHJkVVl1RWl5WlViWjdNNjBTQ0U5V3ZtMWNIWTlXNUpNMGJkWXhoV3RzZzBKcllmR3UyRmkxZlBJZldaNUdTVWwxQ3BIczZlUlVZSUEwR01Ca1EyREJhS2MwRmdncDVDUEgyNkdzU01oQXJVS2hZaUFHeXRfZGdhR0dUbmY1QWFOUF9DZ1Fz?oc=5
Promessa de K2 mil milhões para o fundo climático,The National | Your Number One Daily!,2026-10-08T02:59:00+00:00,oceania,https://news.google.com/rss/articles/CBMic0FVX3lxTE9uUTRld2hYWnBuVXUxZGhEYTIxdmVKUnRNOWQ0bjFLMHUxekhwYW1SN2lGMzFkbmtVeUtjMVBPZC1nZ1F6d2JHQVpqNGRLLWhLWGRkN3piZFB5MU9ITHh1Vm00VjJZLV9faHR4TlhwWHRQdkk?oc=5
Paciente da UTI oficializa união de 40 anos na capela de hospital no Acre,ac24horas,2026-10-08T02:32:37+00:00,saude,https://news.google.com/rss/articles/CBMiqwFBVV95cUxOa2h0WEpaWG1SR0NZZ25vc1JDX2RzaTVBeTE1WDZPZmlrX3l3VThzYTVXZk0zRmNIZTc5Z2tIRzZvZ2w2NHpoOGpVNFR6WFl0d2UzS1Q3TGNWVDljdURJUDNaa2huWENUUGQ0bXNaODlNcHJtMk90a1VqYXhLYzVUOEZxV3BfU19GS29RcEFEcmxtQ3lHZTM0SVBKMEtPcjRZSlV3NUxhTUtSREnSAbABQVVfeXFMUEMxLUJIUTRkbl9Iek9wTTJBZkZYcWQxcU4ybTc1aTlsaUxlZVRvNGJwXzRyOUpUMVlHaXZQeWY4bVJXblR3bEdGYW5JTU8tdXlVVEN0aWxMTlFPR1c0ZmJLN3paMElwbk1wbllMU3dUems0YmF3ejVYY1ltX0hWblZrbGhOYVBaVkNHRll4eTVtWmVuS0ZYMlM0NjdFeEhWZUxpb2J5MnRvZ1RkMkVJM2I?oc=5
Posto é obrigado a pagar R$ 23 mil por fornecer menos combustível que o indicado em bomba,Folha BV,2026-10-08T10:00:00+00:00,energia,https://news.google.com/rss/articles/CBMixAFBVV95cUxNblpsOEhXWHZPT2RMR2JxdGc0alNISV90SnFyV1lISm5Dajk0RUNFT21zZFVhSlZ4czVfNFZ6WW5PUWpQdTA0WkJ2cnRxR2xzU25OR3dCc3dpMW5lOHhodjJXbl9WbTZCUVBOWmJHa0dBS20wM2xwaVNjWkNjY1BacWRXc3ROajJzVG44Q2ZFSW16d0tEZW91dEREdXhrTGtLRlVCR2Uxd2FEQkYtU3YzSkRvelBFMGg5WndLTi1ZdGJhY1FG?oc=5
UFPE mantém atividades nesta quinta (8) após incêndio em prédio da universidade,Diario de Pernambuco,2026-10-08T10:16:00+00:00,ciencia,https://news.google.com/rss/articles/CBMi6AFBVV95cUxPdFJ0UEZLU19RcElULUFHQWpZSldYN09PYkdlakR6MnhYOUtTbDFwcUhDU0VMR2w3czd4YXFuUXRZZmpac1I1czhPd3BpamZsVG5zbEotb1dYLUo4eFI2RGcwTHhQTERodjVRVHVpUjRQSkpQRVJIRDZqdVlXdUEwb2F1TDYzMXJPa0JTNFFZazZiNUFOQmdNd0ZjeFlac3JFU0xfYmEzN1Mxam9hSXM3Z3ViOXl0YXVxeFpNSjBQNjFUVF83cFZ1TWxiMDN1ZjRXandsaTVRU1dWMUJkUndHdG9jMm1QOE9F?oc=5
Formalização ganha força e região de Marília registra 17 mil novos MEIs,Marília Notícia,2026-10-08T08:00:00+00:00,empresas,https://news.google.com/rss/articles/CBMiuAFBVV95cUxOZndoazdBdHdOWlhSTGptc1RMUDdiTXp5SFlEQTVnSm5CeTVMRnprWnpfVTktcTBoQXYzU19zemo5V1ZnU19TMUpQQ0poSlNnV0xGUGNzM1drdkdMSThwR3VSd2dHQVFWTDgwWFBPWXBDcFpxME4zcDh0S0hiUVZmSUw3VFRpUzBxYkMtX0JMSzd2ODA2akxtTHhFZ1ZUZ1VSM01vWGtYU3dhQmhSd0dybHUwNWtGUmxn?oc=5
Prêmio Nobel de 2026 homenageia avanços em física e química,Frontline Magazine,2026-10-07T15:16:48+00:00,antartida,https://news.google.com/rss/articles/CBMizgFBVV95cUxPeUR0X2Q0X1hCLUFCcVBuNzV2VmxKTFlBY2pvRV9QSjA3ZkJSLW1kZi15TEVKanRfNGQ2c01pTDZ5eUdXbTd1MEd6X3U4eS1ramozZEZ2VC1Rc3U0Qmk5RFFucVVXakZ6clRGd280NGY5ZGtTanVYcTg1TFJjYkkxMzB0UElOUXh1VU5mcmt2bmEwb1ZfbHlOUkNvRnluU29IUDlpLXBvQzJ0WDA4N00xMlJOUjRmRVNhN0phNDhtNHcwUlV5aUpEQmptYkxld9IBzgFBVV95cUxPeUR0X2Q0X1hCLUFCcVBuNzV2VmxKTFlBY2pvRV9QSjA3ZkJSLW1kZi15TEVKanRfNGQ2c01pTDZ5eUdXbTd1MEd6X3U4eS1ramozZEZ2VC1Rc3U0Qmk5RFFucVVXakZ6clRGd280NGY5ZGtTanVYcTg1TFJjYkkxMzB0UElOUXh1VU5mcmt2bmEwb1ZfbHlOUkNvRnluU29IUDlpLXBvQzJ0WDA4N00xMlJOUjRmRVNhN0phNDhtNHcwUlV5aUpEQmptYkxldw?oc=5
"ACCIE Jovem conhece os bastidores de operação que movimenta 2,5 mil fretes por dia De Erechim para o Brasil",AU ONLINE,2026-10-07T14:37:21+00:00,sociedade,https://news.google.com/rss/articles/CBMi3wFBVV95cUxPRXdKbVZYNXEyTXo0YVRYTFhTTGxtODBZc05jWU1rQXd0X0FjM2Q1d2NnSXhKcjNHV0RvM01hTk82WVVtckpTb1lDLTJhdGJHMXJocU9wREZpQkFUUVZleUx4R3pvSHFjOUJzSlc0MEw1NjZtS2tzalVjbk1UcnkyTkYxa0lTSHpKczFYenJSdVZIbHZnSGNMLWJZeVo1X2pLSXRZMU9Lbkc3RTNGVk5wYzhpdkN4dUs3Q1gyQWoxZWJFNFFNNHhScFIzQ2lPVEZjTUd2Rl9qczhhWWN5Vl9n?oc=5
Operação Formosa 2026: integração das Forças e os desafios da prontidão brasileira,DefesaNet,2026-10-08T14:38:49+00:00,geral,https://news.google.com/rss/articles/CBMiugFBVV95cUxQaF85QnpYUXdOaHRTUDRlT1FWUkFIRl84TGFHYTBKZVh2Q0JESGYzOGh1ZVQ1eFQ3bXBpbWc1bWxQZkxwcndDRFZHdGhFTHZ3b0pZcXJVNmdqNE5uaXJfX1lTcEhWN0tuT1BsY0VyMXJTZnpYcGdYYVNUemNxdmdDbkZqSThoVGYwR01VaWlxbTdxSGk5ZEhrbTVTVDV5M2VoNXZpU09LaWJad0JveFk3SUFVMnoyTzJSQ0E?oc=5
"Astro da sinuca, Baianinho de Mauá é preso após acidente em São Paulo",Gazeta Esportiva,2026-10-08T14:17:00+00:00,esportes,https://news.google.com/rss/articles/CBMikwFBVV95cUxQTE1GTERMekg4NmNQSmNpSnlHcEVkX1VxWEJXalRHSmdIZnVVbEI1VlczaFNJYU0zbG91RTQzcG4xWWU3ZjVaSHpkd25SNksweElCekpZblJ1VFlPeDRIMHZGSkt2QXBUejFhMkhpdHRfaHRkX2lpUXBxcFN1M2ZXaGxwcUsxSjBjSjNNcFhrWnhOeFnSAZgBQVVfeXFMTWxxenVKU3hGVFdxbVMyQjZRU1p4eWVuNjVUUlYxQ3ZkX0l2U3NONzZGWXpVY3BFY3JnY0FHMlBDQlVXMnRyODJnZUE0ZjFPV2dWQURHcGhuTDFPRDg2QWJmWlVmQ29UYzlJa3lLZEFzaWlXSkFyMFlVTDdPT1JjVk5fTU5sRXVWQXN2eDNtMXVBTENGSVhrZW8?oc=5
Datafolha divulga primeira pesquisa presidencial para o 2º turno nesta quinta-feira (8),Diário do Nordeste,2026-10-08T13:55:16+00:00,"geral, politica",https://news.google.com/rss/articles/CBMi4wFBVV95cUxPV0tHM1hyMGQyb3U5eEpFWjRiRjJvenVHWFlFSURSbk1FRFBZNTZxWldqWjAxX0I4dnV6cmhWTXFPeGdhRFhLTlJnZVc4d0pZQTFYODAtcVY4Ui1JZ29JNW5TZzZLM3lia0pmbkFXOTk5Y25BeW1QVk4wYlhiN01lVnFlRXZNNVZNM2RHT296b3Z0akt0UEF4cE5ENG44ejZXTUtKcHB6VndUcWhzSGE1bWdFUzFJQ1ZaYXFsVkozSHJjR09MZnF0VTg3SzNzTnUwcWo5NXB2Z1pZNEd1emZMd0FqWQ?oc=5
Ex-funcionários de Trump encontram novos empregos na lucrativa indústria petrolífera da Venezuela,The Washington Post,2026-10-08T13:32:42+00:00,"americas, internacional",https://news.google.com/rss/articles/CBMivAFBVV95cUxOSGZIcm9mM2xlanI0Q1NQeXpScGVhbE5ycl9WRGs0NTFPNm9wSnYzMDJObUVwdVctZXJvUk1FcmR2MmRMZHg0aDJaN2xhSjg5S0ZuTi1mNXBzQlZDbE9kaFJ3d2hZdlFZSElOSDNRVkF1M2lWWmZLd3pNMUQ4YUtiRGVrZ1k0MV9FRnBPTGgySmhWZ0JXY1RPNlJIQnBjTEJXaUlMTEJXMFNKbTFyOGNJWDlySWVlVUhVOUxNNQ?oc=5
Meloni supera teste crucial na Itália ao aprovar reforma eleitoral,UOL Notícias,2026-10-08T13:18:29+00:00,"europa, politica",https://news.google.com/rss/articles/CBMizwFBVV95cUxPY0I5TU1uNlV0elQ3LThGeWtUelgtMTBvSjdaem1Pa3kxNVpCUG1EUzZzQ3hyOHk5QTl4NzZPS0xXcWlLUjZmQllybnp2Yk8tNjR6OEI0M2lwY0sza3RCVlB0TDA5Qjl2QUZYV3dVUWFIQ0Jxa2NYZ2t0cGo2YnIxTUJrTGxsYXhyaVdNbWszam9iNlpqdDRUb2tXSTkzcnlNY04xU2NwU2lqU2lFWmtFQ2dQa2RsNVJSU0VYZHVZOEFhRkZkLVdVNjNmMWN0YU0?oc=5
‘Retrofit Fastest Way to…’: Especialistas em transporte marítimo sobre como tornar o transporte marítimo global verde | Sagarmanthan 2026,Firstpost,2026-10-08T12:02:45+00:00,asia,https://news.google.com/rss/articles/CBMi8AFBVV95cUxPOVNlQ210UlJFS0Jtd0w2T1d4NUdtVzJ3ejRRU3ZhVEhDZVRJTDBLSjBZLVN3S0Yyb0RrdkdSLUZsemI0Wk84emJHWFJYNUFvMURxOTQ0YS0yalFzRzJid2JZWHJjZmF2Q3cyTG5nLWtJMThfX1QzS0ZhTDk1RUJIQzFoWmhzMV8xMFYzVW04cDZFT0FVWDM5dFNvRV8xOVdzX1dIWDFWbVp6YXM2QWtlNFNCRkpESVJ4T2hSRXljSDJydm9DeGozczJ0ZkhIU1lrZ1BEZ1h6UGpLbXQ4SU0zN1ltalgzbjlSV0wwZlJTOUXSAfABQVVfeXFMTzlTZUNtdFJSRUtCbXdMNk9XeDVHbVcyd3o0UVN2YVRIQ2VUSUwwS0owWS1Td0tGMm9Ea3ZHUi1GbHpiNFpPOHpiR1hSWDVBbzFEcTk0NGEtMmpRc0cyYndiWVhyY2ZhdkN3MkxuZy1rSTE4X19UM0tGYUw5NUVCSEMxaFpoczFfMTBWM1VtOHA2RU9BVVgzOXRTb0VfMTlXc19XSFgxVm1aemFzNkFrZTRTQkZKRElSeE9oUkV5Y0gycnZvQ3hqM3MydGZISFNZa2dQRGdYelBqS210OElNMzdZbWpYM245UldMMGZSUzlF?oc=5
"El Niño se intensificará até atingir potência máxima em dezembro, alerta ONU",Correio do Povo,2026-10-08T11:37:28+00:00,internacional,https://news.google.com/rss/articles/CBMiwgFBVV95cUxPLVBua1NmVEF2NUtqWHBhcW1NUFJrMUltZVJrcHM5Z0xJazFnQm11c3Bua1Jrc1Zkel9fTklzZHd3bnJpTHNTbUJ3NlExcmo5ME9vRklKbkhXNVR6Z1duTGx1eE9VQlRVZ0RNVVYwa1FCRDByNmZsRWRzY0dLNVJvSm9ZdlhOZERLS2FScGhCVzNrdVB3NEUwY19NMnR6M0ZLamRXdEJxZTNVODdDdmJSTEpadHA4N1dJRHlRTmliTjd4QQ?oc=5
Espaços culturais do Paraná têm programação especial para crianças em outubro,aRede,2026-10-08T13:03:14+00:00,cultura,https://news.google.com/rss/articles/CBMiswFBVV95cUxNNzVleFVFZmxEdVFxVVJxSWR2R0hKR05wZkhfaWE4OGR3OGp4Yk4tY2J2NmROSjFYYmlDYWtoWjlQd0NpU054Z2xmN213ZnJiZ3Z6bWJxWU4weW1ZQU5NR3pSNWJ1VnJsMGZoMUJMYnR5NkdvYVlXZlpQT1JHalVBUzlaYWloeldHWS0tdzJZZkpFM3lrZ3lFNjNuZ1E3elJTZ0Q3SmtuVWFqeEQ3NXdYNlRqZw?oc=5
Chuva forte? Confira a previsão do tempo para o RS com Cléo Kuhn | Gaúcha Hoje,GZH,2026-10-08T11:32:07+00:00,clima,https://news.google.com/rss/articles/CBMi3AFBVV95cUxPN1BqYTlONXJqX0JvdnllR2FsQ2JmUlhFXzJjRWhodUdSS2pCd0haV3Z3RE5hTEotbmFrbHdyWkpJUkRxQ0VYYXpKc3FuTG96dWs1RnFHaGNhdGU3SHdVOGFxQ2RCb1lMaFJ0cXY4Unl2NENORERqam5lc0dDVlVyYTNjTTVYS0RvZm4yS204VHh2RzBhcHI5eVI0MEx1a0luOGZCSWJTbG1Qd3FhNnFKcG0zaDgzVTd3aHpvRDc4MHFWN0JHbklUazRuZ1JhbUlUSnpZazhVOWxoNjND?oc=5
Sudão… Da Declaração de Jeddah a uma Paz Sustentável,ASHARQ AL-AWSAT English,2026-10-08T10:52:05+00:00,"africa, internacional",https://news.google.com/rss/articles/CBMimgFBVV95cUxPVWRaeTJueGl2X3RscHJJZmFuQzBPLTRYU0dTS0lodHhOdC1kTTZ4UUotbk1DbHJENFh0SjQ3UHI1MTVmb3J5alV1WDY0Ty13Qk1CeVIwQUk4ZzN4aXhsQVlGblVETVNaOHFrVHEyNGxzVGRVSFNORkdyc21zNUlDeEhGS0JpOW5NMkF4UW1ITV9IZkFDREp6NEFn?oc=5
A aposta migratória de Angus Taylor: a coalizão busca um meio-termo enquanto a Austrália enfrenta uma nova batalha política,Allora! Italian Australian News,2026-10-08T09:20:10+00:00,"guerra, internacional, oceania",https://news.google.com/rss/articles/CBMi0AFBVV95cUxNMV9zOXVMR3NyaXR1eGJSWldQeWMwNEZ4OE9ScjhNMDU5cnFhWXFoS0psM0h1S190aUd1Nm9FSFdyUi1ZaUtmMzZxQ0VxdGhMLWQyb055QldVTU5uYkNwRlFqZHJXUG11dC1OUDFsZ2hCQVV3Q0g4MVg0Z3BPVng3bXRTVjdEUjU3V1NTenQxQ0h3TFZ6RklmOS1GTEdxVVMtSW93aGxuMmx3Zmk5Yl91YjBnNm5SUGpwR0dVeHZnZF9KNjBmSllUZjQ3RjNPTEZW?oc=5
Dólar volta a custar R$ 5 e bolsa de valores cai após eleições,bra1.com.br,2026-10-08T11:18:00+00:00,financas,https://news.google.com/rss/articles/CBMiqAFBVV95cUxQRlRkSjlENU5YVGxYdDloaDYtOGdYZGhQOXNLYldjRDBGYlNYRU95d3dER1dRRGpjR3ZqeDRZWHFrTXNZOUJVVWM1Z0xMaXFrMnZQQmk3aV9USXMzd21yRFNLS3JtT2kxdVJaU2M3UG52N1lDbzV3NWluZ1pRbkdYMTRqVjd2bVJTdTVTWjZnek1wZTFiM3F1ZGRicHJDdmFSY2dTaEdiN20?oc=5
Indústria do Paraná avança 1% em setembro,Grupo AMANHÃ,2026-10-08T09:31:00+00:00,economia,https://news.google.com/rss/articles/CBMihgFBVV95cUxQbi0tVHFmZDBEaU9DMkppQ1hUUVlFR0prN0Z5cnlHc3ZDTzF2QTA1WjJSTklvWXRxQTE3cnBoN2V2QWlmeWlENFR4aDdXaXZzbXJlTkluZ0dzajBKTEVrT3ZiUW5hWG93czV6YkNsc2tBeG9BUXpHbUo0Y2J2QzBpaHhRTEJaUQ?oc=5
Queda no dólar após eleições pode prejudicar agronegócio goiano,O Hoje,2026-10-08T13:00:29+00:00,"agronegocio, financas",https://news.google.com/rss/articles/CBMimAFBVV95cUxOUFR5OTg3anNaVm5jb3ZRMkRqYXUzUVI5SEVyd2daU0RGWTM2WFlyY2xfVkRPcnZBQklIV1NmcVlXUUtHdGF1S0RraGV6UFhxQWJ5T1FFUWxOV1hhemF6TzhIakJXR2FFRnM4QV9iNm9fWUtzb3NGLXBndE84b205UHFrRlI0Z3l2d1ZrdF83NUg1R2pvTGJYZw?oc=5
Mantendo o céu escuro e silencioso,ESA News,2026-10-08T08:00:00+00:00,espaco,https://www.esa.int/Space_Safety/Clean_Space/Keeping_the_sky_dark_and_quiet
"Com mais de 100 anos, Grupo Olho D'Água investe em tecnologia para ampliar produtividade",JC,2026-10-08T09:00:00+00:00,tecnologia,https://news.google.com/rss/articles/CBMiygFBVV95cUxQX1RmUi1WZzRDaU04bG1SMV9TT0g0VnRxbDdrVklBdThNY01zNG85UU9Tc0xJOHJzNzlRVTlOb0JBZ3l6MnBhY3l4R3hibU5PSlZqTnZWVHI2RmFpb1h1TGlJUXVYMzl0blBVN1dzN0RQNmV0ZVU0Nk5NdkNiQjEtUlFoU1FZSXdYNGhPNVBPc1ZQbHRiNmNwUVRpbElaTkY2WkNCUUt2QXAyRTB6UGNmNEpPQTdiNW1pTWEzUVlTYzZVeGF6LXlFRmx3?oc=5
MPF: Justiça autoriza retomada de ação contra cessão irregular de terras em Porto Velho,Rondoniaovivo.com,2026-10-08T11:00:00+00:00,logistica,https://news.google.com/rss/articles/CBMi2gFBVV95cUxQWU5jSVA2VnoxV0ZlTjFBNVRjRF9RYzZodXJUSGlhUEpNZ2gyWUsyY3ROSUtkdG5OdTFmRDIyLUNLNHc2elV0b0wtUjdOd0cxbHJPc3p2cUtiU1lJdVpJRmdiNjF3b1pFWHhIMEZsa3NuN1ZVX1BVNmRLV2hoZ0tGaWYwa3Nubi02LUNzckV3cmJOaURJZDVxX2xtNFFSaWZkRXRLUGhMVXVZbmpjNWk5TDF1M0dPSXk4QWdybDNTSkVkbEgyMzFzS0VneWJLc3BnWG1JN2ZtUlEyQQ?oc=5
Seleções femininas do Pacífico repletas de experiência da NRL para a Copa do Mundo da Rugby League,RNZ,2026-10-08T01:54:19+00:00,oceania,https://news.google.com/rss/articles/CBMiuwFBVV95cUxPR0lNazg4REZvODJiUkNoX3g0Z3dVUWN4dUFjSm4yenNnVlZXd2FBQ3pIM2t4TmlVMUszYlZ1cUxFMjJzQkxqblZxeTZBdVI4dnhJdXRlQVZRVEViYlNINTItYnBuSEg3dGttazRZUzdITHI4c3lQSmpkQ3JWRWcyQXhLSlRVbl9seWt6UUNWWWtYUmtPUGdFS1duY29MU1VKQTU1SUZMdVAwR2VvNVlVRGhIWkFKSEQwS2I4?oc=5
"JR ENTREVISTA com o diretor-presidente da Anvisa, Leandro Safatle",R7,2026-10-08T00:33:34+00:00,saude,https://news.google.com/rss/articles/CBMi3AFBVV95cUxNMXg1U2xxUWhHS2J6YzlUTGlqTFJuVFVyeEtuR2l1RGRXTTJiZ2kzT1hyYmRDSnZiMU94Q2txMFhZeHp5ZTdSUlhVV05YUjRWWW02dUFKX2FWZnk1VFBpQVNGdkwxNUIzeHRxTDI0SXNVYjNETW5fU2trWEhkdmpESTd0Yks2QVFfSV9PQnZsbnhhUlR0ME1FbExGclp6cVZRQmxfUm9hRndkSFQxdEJQcjdXWllSbHBnV3B1VmluX0dNM25hTEVyajRsZnpUX1pkcEJ3NW95R29VMjFw?oc=5
"VW T-Cross 200 TSI 2020 por cerca de R$ 90 mil: quanto pesam seguro, combustível e pneus na conta do SUV automático com motor turbo e seis airbags",Folha BV,2026-10-08T09:42:00+00:00,energia,https://news.google.com/rss/articles/CBMiogJBVV95cUxPYVk5M1JaazYweDlSR3lWeTlzbjFOSGUwMHBaeVByNHp6Zkd5a0N5Vks2dnVJblQ1YVh2ZlFjb19TUUhyNFl5d2YwRXpzZWEwaDZRVW5xSUUwX2ZkbHBYTXNtRzQ0ZUk2Ym1wdFRWT1lPZVpPNlJ5Y2F3dVFTUkViQTFRbmZFTHY1bjg1WVF2RUF6cjkxVlN4ZDVqRFZsWTh5VWViTXMwZF81U29yMXhMSTZtazlQVXZDazR6QVl2Sl9MeFhCZk9LTkVzZTZLUndRSHpwWW5XWllQZUljM1J3ekxOUFhFM2FITXhnbElBX1d3QzREQU92S2FVWEc4X0NxTHh2cXJZVnQzN21KNjFqRUI0QUFGYVhwU1BTaWkzUmdyZw?oc=5
Exoplaneta LHS 1140b intriga cientistas com perda de hélio na atmosfera,Agora Litoral,2026-10-08T09:50:17+00:00,ciencia,https://news.google.com/rss/articles/CBMisAFBVV95cUxOOVpxeFJqbjdXcTVWS3QzVXJUbnEtVTRtdmVRZjZZbzJhdEV1cUdSRnFyNF84STV5aEIwaFdXakswWTcyOEJkcGxXZnRIN1JKM2p0cENoUVVUTGR3MDEyQ3RBUUlqdXlDdmFHcmphdThfY25EZGtLNUxieEZmT0tPbTBTLVZaRDlaSXJNS3JOYWp2bEFaLXVBNFFtckdKNFg2WVFtWnlqcDloV0RmNjhjdA?oc=5
Brasil registra a abertura de mais 452 mil pequenos negócios em um mês,negociosba.com.br,2026-10-08T02:57:16+00:00,empresas,https://news.google.com/rss/articles/CBMiqgFBVV95cUxQRk53VHNzNlhtVGVWOE9wT3draXdiZ1pEVkFMSi0tNW9nZDR5dUt2dFhEbFIwRjV2OVEwYXVvem9SSlltWjZONEsxUW5neTJWaEtHdVU2VGlzb3BfZjVCQmhsNV9COUFoWG84U3JDZ0NTeHFELUppZjMyVDBTM3c3UXBVSE5EaExDNnhCTTRabVU2Qkc3Slkxb25EMWVRZ2ZzQmlHM2w2UWhiZw?oc=5
Chemistry Nobel Prize for Asymmetric Organic Synthesis,The Scientist,2026-10-07T14:02:57+00:00,antartida,https://news.google.com/rss/articles/CBMilAFBVV95cUxOQ2hvdE81c3IySWdnYmFpWHQtZEpUX2tLR0hEcXB2T1VXRGpnd3Y5R3JabjJjWWhyR1MyVlBocnViMF81NFN5S0l0UjJXWVljVnFTeUQ4Ry0ydFlKSXF0ODliQ3ZHMWJvbGhFZDJ5OW5YX0o1dDhDZjMxRURaRDBKcDN6aWhKYUl2dGVybXg5TXhNcExB?oc=5
"Quina 7136: prêmio acumula para R$ 26,8 milhões; veja como apostar",Diário do Pará,2026-10-07T14:08:00+00:00,sociedade,https://news.google.com/rss/articles/CBMi2wFBVV95cUxQVWNqWXFiV2FTQTA3SzBUWTlHc1NIZVZLVUdxQ3pHVlF3ZjBrYmxKUU5ucnZ6SlJPVUhQZlRXb0VfS213bVFZZ2FVajFnc3UxSmV6dFFscVZTRW5HYTZmYVIyQWVra1VfNnh4a2VJd041cnZnLTRadzlRcDJOS29BUk8wT09uU1BXazJNVURDaXlLakVMTWZmMTVCUXZscG1IaDYwS0syV19sUkpNeHNfdjhkTV9EUVJqV1lNRzhTb0hmY0VVUkE2X1N5bFJDeHNKUEkyLV9wb2tZSFU?oc=5
Valmir de Francisquinho assume Secretaria-Geral de Governo em Itabaiana,Infonet,2026-10-08T14:37:54+00:00,geral,https://news.google.com/rss/articles/CBMiswFBVV95cUxPSUJoODU5NFVjbXdCcjFEZkRic2NBZFdUQUQyaGtmT1dSNURYQzhBOGJsaUZ1SU96NTR4RWNlOTBSdm1JRmlZOXRROWZhZGZPeDU2RjdhcFdrV2EyYmhWUWh6djllOUkxU0hMMTFiRGNiNHJvTno3UkU2ZDFMWFpwWUt4YXRVQmlrUXBuWTlxa1ZZM2F1MEpUUmwzWFpZY1ZocXRVemFLUmVKTDROdWltUGJGdw?oc=5
Mais derrotas que vitórias: raio-X do histórico de Diniz na Série A do Brasileirão,O TEMPO,2026-10-08T14:16:19+00:00,esportes,https://news.google.com/rss/articles/CBMi2AFBVV95cUxOaURhYXF3eml0WDhJWHc4MUFySXFYbXNnYkYtS01iZ3A2U0Q3YmUzdHg1R0xqTnV4bi0tdWVVclAzWXhpNzRrRjU4a3hrMUxQTXlxaFZTRnd6d3BDenZnZ19zLVR0bjY2eG9VMVF3X2R6YkVpYkNBTGVLaks2cU1rRTEyVEVzRHpqUUtKVnpVUmNPeVdnY3NSZDktTThyV0xsWlVJZ2JaTzQzQkZaVlkzRTA0TzZManBFRXViMTE4T3FvWmlqQjNoblN0endpbE9Pa2FUeEFuSjg?oc=5
"Flávio sai na frente, mas eleição ainda não terminou",Gazeta do Povo,2026-10-08T13:48:00+00:00,politica,https://news.google.com/rss/articles/CBMipwFBVV95cUxPRkctRnczUFhYcVJMQTFWNEFVRlNBMzExdUpWenZWU2Ric21hbWljSS12bTdZc0h6X0JKeDJReWJNU1RFaERuYWpkS1J0LXVQb2haSDJ4SnB4VjZKWUJZaXhicjZuSUlvRTdsMS1xZTRLZW1EM1QtTlNtU09TNy16di13b2VCMXo1VDFwRGl5VExvRTRTX0paUDY0TEJGWEZxUkdza05lWQ?oc=5
Sobrevivente de execução fracassada nos EUA seria desligada de suporte à vida antes de acordar,Gazeta Digital,2026-10-08T13:23:00+00:00,"americas, internacional",https://news.google.com/rss/articles/CBMi5AFBVV95cUxNaFNwcXlLZDltYTBrSmh5SnF2SlZSSHhVeWRhZVR6QjBoMnZyQlFVWVdQdVRCelhYOG16WHhCTG1QeXBSejQ1dGpUb21Pal9yX1F1aGhVLS11bW1LZ2ZIM0VRNGlBSHJCbFJqNzZzV0hBMXdBeWdnS0Vqd2ZESm1zS193b05sRzlQMXVha1VwSTYxYkMxTUhQMXFCdnRrazJYRHVNbGFWdVlfcWFKbm1YZkd0VEs4MjlfbFlSMmZhSXZRZ1FlM0V4bnphUk4yLWJaekoxWVlabnBRYnRKM2c1c1pkLUM?oc=5
Ataque a faca em escola na Polônia deixa uma morta e dois feridos,contilnetnoticias.com.br,2026-10-08T13:03:16+00:00,"europa, internacional",https://contilnetnoticias.com.br/cotidiano/ataque-a-faca-em-escola-na-polonia-deixa-uma-morta-e-dois-feridos/
Minério de ferro atinge menor cotação em 18 meses na China,InfoMoney,2026-10-08T12:02:02+00:00,"asia, internacional",https://news.google.com/rss/articles/CBMiowFBVV95cUxNcGpKRE9GR1dPb2VGa2NZRXZQX3RVdW9KZVlmRlZQZ0hNTU84RDBWV0o1WHpZd1V2Rjljc2ZvdnQtdGZkb0dwSUItU0cwNzdHY1B2aGVwc295dUZfekR6bUJmMk5saS1GazFjX0V4N3RUWi05WmlwZXpZdkVYaUFfQjViNl8wcVh3VWp5Q0VhM0pNUzZhTHBCZzZIQzR4WU1oMWZB0gGjAUFVX3lxTE1wakpET0ZHV09vZUZrY1lFdlBfdFV1b0plWWZGVlBnSE1NTzhEMFZXSjVYell3VXZGOWNzZm92dC10ZmRvR3BJQi1TRzA3N0djUHZoZXBzb3l1Rl96RHptQmYyTmxpLUZrMWNfRXg3dFRaLTlaaXBlell2RVhpQV9CNWI2XzBxWHdVanlDRWEzSk1TNmFMcEJnNkhDNHhZTWgxZkE?oc=5
Cinema: confira os filmes em cartaz de 08/10 a 14/10 em SC,NSC Total,2026-10-08T13:00:00+00:00,cultura,https://news.google.com/rss/articles/CBMiogFBVV95cUxNbFpmUUNKTjdFQWpKZjY1bVQyNEtBQzRRaEZFWWYwUDBoQkJlSkFZT2paY1VoVW1ranRtQnJYLXRiQ096c2xISnNjdHZOQk80TWk0N2tveUhQcjVrNVR0MjgtbzlfX3NUNmJwN1FWc0E1ZTJvWkhMcVJ3SXBodkVZTnJVRjgtalFpRnlkQTNsOHlaQXNpczVuQTh6b2lfdVhLdlE?oc=5
Clima extremo ameaça 30 milhões de crianças no Brasil,bra1.com.br,2026-10-08T11:12:00+00:00,clima,https://news.google.com/rss/articles/CBMimAFBVV95cUxNN1lRRjV4UFpRRUpIYmZxbkxhdXJtUnNvcl9oeGpWWV9zUWsxQXRqUzdsRUV6dzRrcG16MDZCMUx4Qmt0ZTBzaFlWRU9MY094SVU0N1FGX2ZKdXAtNG1EZFR6bG8tYWFya09Tbml1YzRZaERqRDJTLUR0OERIMUlIXzRLT1k3c1BYUGl6WnFHR1ZIWHFDVEFtdg?oc=5
O Egito despacha mais de 2.979 toneladas de ajuda para Gaza no 291º comboio - Guerra em Gaza - Guerra em Gaza,Ahram Online,2026-10-08T10:35:52+00:00,"africa, guerra, internacional, oriente_medio",https://news.google.com/rss/articles/CBMiuwFBVV95cUxQWFFFTXdGUG9uZFFobWg0QkhXc0tucXkzeG52ZGw1Q3dCQUkxMjR1V3hacFRKM1Q2YTkzaDJhLUlNWDZIR0k0V0dwTUpwMzFwc240ZWV1LThiMjlkVnMwNEdUeW1HVzVYZVhLVk5ad2o4VHVlaC02aUJTa3FwUm1NMlIzZkNVVi0yeFd5V0hrNkVDbWgySkFSa0R4OFhOd0lhM1hMS3hXb0s3X1VkMnNCTnZUMm9rUnhnbzM4?oc=5
Al Sharaa conta à ONU sobre a recuperação da Síria das cinzas da guerra e atribui a Israel o ônus da paz duradoura,www.trtworld.com,2026-10-08T08:28:03+00:00,"guerra, internacional, oriente_medio",https://www.trtworld.com/article/5352d2e0de1f
Aniversário Sertão 47 anos: ofertas em até 10x sem juros,Campo Grande News,2026-10-08T11:00:00+00:00,financas,https://news.google.com/rss/articles/CBMixwFBVV95cUxQQUZFRExRZERHaW5WaDFFTFlPSVFxeEZZZjRlTWxuYUJHM3Z6cnZudVJqQ2tCczhYaG5BOGE2Qlp4MkRwTmRYNi1xMzUzX1c1ZFlSa2RZX1VkMEFhRDJtOEVPaEZ2MU8tRE1iMkJzTE5fclFzcEt5YlVKcU1mVTh3Zm5ZUDhFdGtGRlpvY3FwYzU0bWNSQkJ1X3dkTURxSWxCNmtqei02S3FEYjM0c19FTk8zNlV4QUdrVl9zNUNsTGc3czhVSld30gHHAUFVX3lxTFBIbEUteFpObFptNVRuMDhxaTVkSzBPVHBWdUk0ekpsM3JvV0xDWVY2RXJjeTR6ME5wWVJKV3B3WE5SeU5WaDJuWDFDTV9RNHNtMzBFbndISXZPaWg2empQWm5LYy1oRkZEdlN6QW45dHVEbEZQbDd3ZjlscWc2QXBfWF9RSlRaSm85M1dBN0EtNkZWcGZTN1hOQmZnUVhWS2FySURaaE1VTUFHTGFyb2djVU5POTMtSWJhaDllODhsV1RSSHd1RGs?oc=5
Produção de veículos tem melhor setembro desde 2014,Grupo AMANHÃ,2026-10-08T08:25:00+00:00,economia,https://news.google.com/rss/articles/CBMilgFBVV95cUxPazZCRUNNM1kyc2pXTTh5R0RYMnNTN1hnb0NndjVBbll3aGxwd3RiXzg2TlRuYXZkOFlpM3F2dEowREM5Q0EtekFQQjFyZ1prQ0puTGpTcXU2RFpaYUNPZkM0VWI2ZzlHSXlwV3BTanZiQi1MdVp4VXE2UWhWdVRlbTNJTV8xLS0wS2RyMDZ3Rno4UWtvS1E?oc=5
Irregularidade das chuvas desafia início da safra de soja no Centro-Norte,Notícias Agrícolas,2026-10-08T11:48:14+00:00,agronegocio,https://news.google.com/rss/articles/CBMi3gFBVV95cUxPRVZyekcya2dab0xFZlV6S2VNUkxBb2l3amd1Mm9CNDlkQ1hmVC05T0M1MUFvT01aNU1mMjZFa19rRVJBQ28tY1VFVnRvbExNSk83RW50OGNlTlVVeFdicC1CRmgzZG9JOS1weC1XSWJWZkpFeGktUmZIck54OTlZaGRaYjZhWDZtNWsyVWxWVzNaYUJEbjlxU0pEV0tLN0NTUDZPdzc3X1hUSXc5OXRwa3FxQ3BtYnhIei1mbldMbDEtM2ZoaGxKUmFKZUNWWkN4XzllYkZZeDFjOVN0NVHSAeMBQVVfeXFMTkdxcUxmb2tSa0d3Z2NPMVNCQnFucWdYcTY5NXo3TVZiUWI1ZzN2cXE1UEk1YXhZRzVybkNBX0ZGVi1NSVU4SzNTempKRkNBR0xZcWd0ZzFXUE9ORWphZ2NsX0gxVFJidVpjYmlaZmdJZ2t5YWxIcVMwdXNSaXc5dUE4NWdkSHBiVHJHRDB1TjVoM25XNG1mQnkxbTIxUDdyWXFrNVlqOFZQRFNLeUxVaDZMd2xkZm1oOGZwOUc2Qkw4ZV9DTnRFcDctRU5zRnRpZ0FISUdwS1ZYZ2xZMi1ja0RTWFk?oc=5
Moment Nasa scientist Margaret Hamilton receives presidential medal of honour,BBC Science,2026-10-08T07:08:03+00:00,espaco,https://www.bbc.co.uk/news/videos/c8p3gzenvylyo?at_medium=RSS&at_campaign=rss
Startups apostam em nova abordagem para superar gigantes da IA,CNN Brasil,2026-10-08T07:14:29+00:00,tecnologia,https://news.google.com/rss/articles/CBMiywFBVV95cUxQTGhBYUJNSGFHMFdEWm9zMnJtcFgwU2tyY2VGVWxKOWlSX0d3c3JVVkJ0SWJkVjlFSE0xNlNtYmo2dzZsUklINDJuTVVIVEdMNjVYSk5sRWFQSVlyX1NDb2V1RlNqRWJRREhlaWN6ODFqWTBqQnQ2N2M5WUxrYkdSNldtb1VFXzdPTTZTQUJFRGhyN29rSURLdzNfQkhrTFdDNE9xcFI0N2RaTjc4MFhvLUh0aWxSOWxzUVJ5bTEzcDNNbTZacTBMMEN5TQ?oc=5
"""Só quem viveu a proibição entende"": Pioneiras falam sobre o primeiro jogo da Seleção Feminina em Porto Alegre",GZH,2026-10-08T10:17:45+00:00,logistica,https://news.google.com/rss/articles/CBMitwJBVV95cUxQSEVQY1RybjlWMVBrYWRqMklETWlrU2VXaldxT184ck9SOVZGQzdYaXJSbEJFTERtSFBXNC1CcjFEenVuZ2RtSlpiMWlCVzBNMExMLUNGdEsxcWVSZm9MMUxZSUVEZy1YR2Jrci1rb1p0QVBIYjFPcV9BS0tNUnZiM2tDNlRNMHZxQWRXWkNHU0RNWDJ6enV5Y1djdHNRSVJYLThMRFdzOEFmSnA4ekpuazdDaFdBRDVuZU5uUDExOFpueERxRWlEWkRISXY5YnVEWWlFQzN0V0g3MzViZ3JnVHBjdDIzQVlVRWZmSl9UUzlYRENQa0NNYzJRZXRyNDlxZnZoamZkMTR6eXhjTVdXVkRET0tsbjZkTFcxZFBVVlhmd094cE9zOE9pZk9Qd0xOWWxMaFZxSQ?oc=5
Indo-Pacífico — 600 milhões de crianças — o futuro que já tem donos,Pressenza - International Press Agency,2026-10-08T01:52:45+00:00,oceania,https://news.google.com/rss/articles/CBMipgFBVV95cUxQVGxVTTRIT0ItQjI5bXhOQl9jel9yeDI4OEQ0UTZ4bHFBbHZtdG1aMGNNWGZYWGJoMFNBU2VhMkJ6N3JuT3gtQkl5SG1oeEpiSUtlcU1ZRDUxdEFNZ0p5eUJKODcydmVjS1dCRXRFVF9ldURxYjR0MVprMmt6eVR4RzVTaDUtR2k2aGtQTFVUUVlWTHlsc1RNc1U4Q2dLOUZNcWpvSU9n?oc=5
Vacina mineira contra a malária tem testes em humanos aprovados pela Anvisa,Estado de Minas,2026-10-07T22:18:00+00:00,saude,https://news.google.com/rss/articles/CBMiwwFBVV95cUxQby1uSkQxRWpRR3JGUUFtYzVZLVpGTzZtdFNEUGkxWTYyUDBBeGYzMkZIZUd3RnF0bF8wMmhaSXRDd2NYMDMxZlk5OFVJRFc5eldUTWRWLTZfWlBmNG5zQUtyS0x6YWJvbTZodnFPbk83TGpWNnlMcG15ZHUyQ2NvVDB0eEJqM25FN1djSUM2LUJpNWxRSzNFTnEyV0JPS3NxYlZXZm1nQ3FnRTRLUzlBdDV0Z29KUTg3RDBXdWhEbGJMYzjSAcgBQVVfeXFMTlJ6ZUlIWm1ocUJYdG9OdUNXX2haSEFmSU1FU011Z0IwRkV5eENYNzlBcDI2M1RFc3JyX3dQb3dvVlNzUlBtM0JOSDdjVlQxejJEQzJPUmR1MmRnUTI0Q2p5X092Nm16a1g1RnVzZ2VLemFwR293SHg4S0J6QUIxbVplbjVMY3lWV2lYTlFXN0h4ODB6ZWI3Mm40MVVJenU0czlYZXQ3UnlORzRBaVF5X29halAtak90M2l2cXNwZHVsTnlCSUd6ZTc?oc=5
'Casa mais solitária do mundo' ganha sistema de energia solar,R7,2026-10-07T22:17:16+00:00,energia,https://news.google.com/rss/articles/CBMixwFBVV95cUxPRE5KUldJWFhQS2NhSk1iOGxYbDBheXFGSW05WUhfeHpQZU9GdmJrSkRmaDg3UDY4N1ZUenZTU2ItQXpETXgxRE9aSjktUWkzXzhSQ0VNSng4LXkzSEZLejRYS002Z1Y1dGZLSmY3dVJGTkhhRDdxd2JxREtkSDNxYmtvalF5UGN2UTVZS1JBUmQwU3RxcVgtTy0xM2Q0bzgxb2gwRjVVaUxVa092X1RKOERPY1d4WHd4cXpFSHlXbXlzbkxzZ1pF?oc=5
"Pequenos negócios abrem 452,6 mil CNPJs e lideram registros no Brasil",Brasil 247,2026-10-07T23:00:00+00:00,empresas,https://news.google.com/rss/articles/CBMipAFBVV95cUxQR2RvdnBQSFpQR2haRk5tV2E0VXROeFduTXBTS3lhdFhIR0g2VGV3UUlERU1fY3B3MWN6d1YyUmFhMEpKaVIwMEVnZkdTeF9CUjBabFlBN1I5NXJEX2VzZ2NWXzF2RUY2azVfTGhfbzJQMlRNM1RpcVdnUGY5VnM4czJGZjRlTlRLWXpucVhlb1Z2VjNvd2dvUng1cGNNRERnR3hRRw?oc=5
Tulane study finds Southern Ocean plays key role in global ocean oxygen levels,Tulane University News,2026-10-07T14:00:00+00:00,antartida,https://news.google.com/rss/articles/CBMipwFBVV95cUxPVHBCRzZIOExNY3F3M3RYT0w2RDR1eHN6Y3UtRkZUWTNUdWc5WjRwZlhaSk42cTNjNDktSFVzT3doYkM4OXpaYmhGMDRBRlB2YTUyZGpMZXNUN1JmRExTa2k1OG0wdmRrbkZWY0NnZlN6VzFUSktBZ1FrS0g0alJodXNlRVFwYmxWLUxQcVlNSngzaVBCckpaWTBSSFJxQXZwcHAyc0dDSQ?oc=5
Aluna da Escola Dona Leopoldina conquista prêmio de melhor redação no projeto Justiça e Cidadania,Aqui Agora,2026-10-07T11:54:27+00:00,sociedade,https://news.google.com/rss/articles/CBMi2wFBVV95cUxQdllmTTVmVUhOeUM2WnlJU0YySHB5M2lnbnBYUnhjaDIxVEpSMUhWUjZhc29kWlliVTQ3LVM2M3NOeWtDWXo3bWRRdTNHWGd0R1ZJTTh3ODM0WnZaeHpSOGRfY1JYbGN3LWgzQ2FOc1NBV0RXWnBKdVpNVWw0MlQxaHF0OWM1UFVjMXBtUzZ5MTA5UU9QRlJwekRLSUJ4eTdRUFI0TTFhOUxOaGw5cWkzVFFIU2xKaVhoY0QyVHFXSUJkNHBpX1dsNy1GVmxVbTRHVll3QzhlSG1qaVU?oc=5
Henri Kagan e Kenso Soai: Nobel de Química 2026 premia japonês e francês que explicaram a ‘preferência’ por um lado das moléculas,Estado de Minas,2026-10-08T14:37:12+00:00,geral,https://news.google.com/rss/articles/CBMijAJBVV95cUxQY3NkMXJXZGlGaTVxRTlfOTliTmI2bTZaTVUzSFgxYWlqNHhZZGhER21OTUlMMzl3Zmh2al9DUFQxdVpQWVVRamgzZjNlQWM2REZlR3Fxa2t0eVIyUVlBc1ZrVlp0dzRheTNab1RZdVk3TERUTEpLQzRfbFc0cFdUalBMNDJjSm5pUXpfNDNFcTg0Z3o4aDJKTy1zQTl1aVg1SWFYYlc5a21vYmp6bVNzR2w0WkZzM01NdnpPQV90WWlQQnh2cko4a2VnYjFBOW1xUDNfSDdXSkp6UGVGSlJPa2dyY1dyb2VGQjN6Mm5PZTVmM0xyUGJtNmJVb19tV0prRTE4SDVaYmRqQVV2?oc=5
"Escalação: Palmeiras aguarda convocados, e Abel mira mudanças",Lance!,2026-10-08T14:12:58+00:00,esportes,https://news.google.com/rss/articles/CBMioAFBVV95cUxNa2FwSzNYNktTZUNvZlRlVTR2U0xxVTZ4REZ2enh2clNadmRxZmI0VUdHb2FXQUxPOFBYSDRMSUF2OUpMSlEwZWJBbjBKekxaenVwSnBCS1h5cUtkTzBCeHl1Z1JiWEt2SmJoTXBwR0RjaGtRTExMZ0pybWFQUGdydHdVUi1NVkE0TlJEOUdCaTVJMEhEUWtYMERzMkRobXlH?oc=5
Derrite quer novo presidente no Senado para impeachment no STF,Gazeta do Povo,2026-10-08T13:43:00+00:00,politica,https://news.google.com/rss/articles/CBMi7wFBVV95cUxQVzFNREZPQ0xYb3gzNXBGSVgxRGlrMkctdEhVMHZGOG50Y2xVMWJ2aWZBUzlfa196ZWJ5WmRHVHlkYmtsc2pPUzY1SXhHN0hJamtHWE1SN05IcG56SkozYXpmTldZVFdKb3kyQnJDaXpJYkJFV0ZENVRGWHZJNmdaa1dBSHlFYmw2RWF3YmxKd2tRYVY5T2NzV0JZb2hlWFVZQzVWVTdIbmZEaTRZRlVKQUhaWHdyeEVMOU14RUVPNTJ2bi01VlM5M1BWQWhaS3Z3eGF0U09JTXo2UkFCZy03YlpGVDBEWmdJNGFfdnRiMA?oc=5
"As exportações mexicanas de automóveis para os EUA caem, mas aumentam para o Canadá à medida que as tarifas cobram seu preço",Automotive News,2026-10-08T13:21:00+00:00,"americas, internacional",https://news.google.com/rss/articles/CBMiiwFBVV95cUxNM2pJa0Y4TExFbkNCMFpPZjVGQUduTjZXUHd4NExGMTFwUVRBOFVaNmdBWW0wcTdsSmpPUGtRYkxobFZEOWszT1pHWjBUbEVmaE9RWGtpdU40eTNQdWtyTmZ2dENLSW10NjJBYmhtRURDVlZHU3dudGs1dEVVU3IxSTlKdkN4Q1VOWXdJ?oc=5
Ucrânia: aumentou para 30 o número de mortos do ataque russo a Kramatorsk,www.msn.com,2026-10-08T12:58:01+00:00,"europa, guerra, internacional",https://www.msn.com/pt-pt/noticias/other/ucr%C3%A2nia-aumentou-para-30-o-n%C3%BAmero-de-mortos-do-ataque-russo-a-kramatorsk/ar-AA2dNTzB
Analytica Lab India 2026: Hyderabad's Lab Future Just Exploded!,LatestLY,2026-10-08T11:56:14+00:00,"asia, internacional",https://news.google.com/rss/articles/CBMirwFBVV95cUxPenZSZkhYeHF4UlAxRkROWnFxcVpyWE40MUQzTnF1WDJQandvX19NYWVsUjBWZ0RaLUZKVThTZHNqR0hWYTQ5Mzc5QWFUczFnQUw0NlFqcDlxWE15akw2TGdsdkpFTW1YanNiMFMtVlFBb3M2X1FqbkV0WVNUbk4tdjdQdWl6OVhCQW4zbWdzaXBPd3ZNUmxDVTVmdm5kVHZMX2wwa2l2d3l1R0loT3I00gG0AUFVX3lxTE5JNmVPZU1iSU9XNF9VTzhxQWZqRU0ya09xYnlRRV9rNDZtNmxmTjhOemxMY0xiS2NkUmdFOEowTjNLcFNteXVXYWRQRnNFbjBGNnB1Skw2aHdadTZMWXBVaERWdTdoUzNUYnJZaXppQzN0ZDZVQlMwX0JKaFpDS3Y0a3Z2Y2VIUHlBVF9fZmZUd0VBbFp6SHNNQ1N6NWNGakF5WDNVa1VpTlY1VWRsbEhQWXhrQg?oc=5
Eurodeputado defende que Madeira e Açores são decisivos para o projecto europeu,dnoticias.pt,2026-10-08T11:02:00+00:00,internacional,https://news.google.com/rss/articles/CBMivwFBVV95cUxPQUFfd3NUNUpaS2l3dm5VVW03aHNMeEg3MndmQ3lYRDZaZXZfaVhFWmdKbUhjUlpqbUs4R1YxN201aVdWTklGRnZDZFQ5dGtjdENKNzRtU21MTWQ3UG9fNXdKeEQ3RGVjZ05aaTBiLVoyanVOZFNjVEdoaWFOdGlvbVBsdlhucmRrellpU25nMW52bUM4aC02YVVPaXJnclpKb0FHTTc5SmZ1LWYyOTRDWmFPczNLWXFpcFdnVGl4RQ?oc=5
Giovanna Lancellotti revela preparação de quatro anos para viver Carmen Miranda no cinema,Portal Márcia Piovesan,2026-10-08T12:18:30+00:00,cultura,https://news.google.com/rss/articles/CBMi1AFBVV95cUxNenI1dHRSMUI5QUtBY1lER3B3anZXeV9JWlpKc1Y0aGNLa2lBaXVGaEQxWGFTcDd3RFdCV0U3SUFUTndoNG1Hbl9zUEJSOGhlUHZleXY2VjdhLWZBSC1McVQydDNhTTQ1Y2pldEloQUhoQ0h5NlplYmxkcUFNT2ZKdHhZeW12UGdoanB5M0x2TlRSMkl0MGpqYXkyRHBIdGlDOEYyczBSdGJoUURVSmZfWHNMVGdYVmQ3VndFNEVIeVJLV1Q5WS1PN3JmNlBZU2ZOMHF5dw?oc=5
Chuva forte chega a Porto Alegre no começo da manhã desta quinta,Correio do Povo,2026-10-08T10:47:28+00:00,"clima, logistica",https://news.google.com/rss/articles/CBMiyAFBVV95cUxOMTNZRU5TUjlReFFWSk9GRXZjQVBUOV8zMkxGampucUdfdm5SRXY0akFYR3k1U0I3ejZNYl9IdnlmelRiOWR2S0x2UU9nUFVjS2RDaWpuWG5UeUc4N3ZJR3RZMWVsVzRTampidW82NVlHNkxQNkEwcmR1SDYzZmlySmpGMzRWcUdGS0JRUUVCcDg1MG8wMnJVWFVJQmVCbHdjQUNrVXNkanplVlhta3NnQkg4a19lNTV0YTZYMEFrcko1U3BIaEtmTw?oc=5
Ramaphosa pressiona Kiir para implementar acordo de paz antes das primeiras eleições no Sudão do Sul,The Eastleigh Voice,2026-10-08T10:23:54+00:00,"africa, internacional",https://news.google.com/rss/articles/CBMi1AFBVV95cUxOeWtHT2plMGl2QUFJdUtyVGlyY0tiNWNoQXRHTjJFSFgxMUFKUldpdXJGeWx0dTdINGlxVHpWUkVOM0VrWE0zWGppNF83dmZtb2t4VFlWWVdjQzQzX3Y4eEhaSW85dklpOFU0ZDhMN2JFb1dISm9LbUZQN0xRdTNxV1BzcEY5aWVaSmFITEVPR1ctbTZLNDFITGlOSWN1QzNrdTBWX0tHV2FaekZUcWJkb3U4TUpkYjNfLXplZloyT0lpQ2ZYNGxnLS1POW5CS0EzWUk1ZQ?oc=5
Conflitos Mundiais 2026: Países e Regiões Envolvidos,Maps of India,2026-10-08T08:18:22+00:00,guerra,https://news.google.com/rss/articles/CBMimgFBVV95cUxPLVFtSDlCVTFuVFFmZnQ2SkhsSW1mTGlwMFVvanJieExkX0xibm00Ti1zS2JKQVNSMTVtdVJlMHZRaEY2OWJfNU9xWUtSM2djcUFTSEFKaWpmclcwcGxwaG4xS0FjY2lRUXhoUWZBd0kyOVBOV0JlSkJpQXVndXdUOTh4eVhER2tvWFFMMmgwR00wam9ELTBWYlVR?oc=5
"Concursos do IBGE, Banco Central e CGU devem abrir vagas em breve",DOL,2026-10-08T10:55:31+00:00,financas,https://news.google.com/rss/articles/CBMirgFBVV95cUxNTzRTa01OTDNfbkR1eVdDTHd2QUdUWDZoYzZ6dWs1a2ZucHV3YklhWWhqVXFQWXQ5S3pjVmJfbk9Vc1B6c0pOLVhQOUtDT1UtcURYMlhhNHU1ajZ1UWl4ZWpKR1VKLTlxbWUySnNNUGo4UVF2OFVMZTBfOGM3M2FQOFpINEh6OFc0RUUwb1V6bjJBV1ZhalFma2phTEpUdTVlMzNUM0poNzR3a1VMUlHSAbYBQVVfeXFMUDBwVkRteWZmWTNBYWFuUmpsYmI4VWV5N21nTEktMzlaTVFGVVJUdkdTeERlQTk4eWJYZ1JyWWxOQVV5VFpkVUQ2Rm1BTmZ1bkxJNGdhS0RnY3RDZWgxbkpIajlhelU5d2Z2WmJRX0dSQV9zSkZULVZYWGF5SHppY0U2b0xfZElvTGR0SU83ZEQ3Zjh3WmJJazdXM080alA3cW5PcGhib001TkZxdmhhNUFPaFZRN2c?oc=5
石川静,Grupo AMANHÃ,2026-10-08T05:10:04+00:00,economia,https://news.google.com/rss/articles/CBMiT0FVX3lxTE9Pa2gyVUozanR0eHV1SWt0TTZoR0dmS21FelJoalRJaFFsOHZBdE9WZzNzbGM0emgxQ2hCbzdlOXJLaWdyOVdnMnJnUE1DUzQ?oc=5
Nova bancada deve priorizar o crédito rural e a previsibilidade para o financiamento,o estado de rondônia,2026-10-08T11:30:00+00:00,agronegocio,https://news.google.com/rss/articles/CBMiugFBVV95cUxQMnJqWUdpR21FTGlZUnUza1RaX0x6MTZXczh1S2FMVkJFaV9mcmtNWEVDUTZnTDNHemZONnB6QTNTbnZQMHgzMV9nQldDcno3TkpXU3BzNWUyYWdfdWR1ZnlZUUkyaGxIMDE2cFhXcG9lWFMySVowU0RNSENzRkt3V2RLT0IxZ3B6Wm5FNGN6Nmthd3VEVXMtYm9xNE1MTmo1X0tSa3d0NXVwaEN1NFo5aERmcFhXNGRVcnc?oc=5
Outra tripulação da NASA está voltando para casa. Aqui está o que esperar do splashdown,ABC News & Headlines – Australian Broadcasting Corporation,2026-10-08T06:38:54+00:00,espaco,https://news.google.com/rss/articles/CBMimgFBVV95cUxOY2hhX1dtV0tKdVpnWHE1RTlEWU9jRzFONHZuZmlvZnRrd2JmdEJuS1RocjFzQ3VyU3FucDhSNU1aUjhkTVY0QU5BVFVXQV9yQkNwb0ZyQ1VLRm81clc3ZjJPVkpHbU5IaHBjTWZOS01oRVFtdlJ5ME1hUXVBRXB4YUY2Z25hYU1pcVVYcXd1UHVXQU9ldEtuTmNB?oc=5
Justiça garante indenização a motociclista que bateu em caminhão parado,Estado de Minas,2026-10-08T03:00:00+00:00,logistica,https://news.google.com/rss/articles/CBMivgFBVV95cUxNUXlucDhMMTFzVG90cG80VFpzcEFwc2JVdjBKNlBhdjFrWjhPZmNLNGxHTHRfZW0zMnA0dVFBODdFU0FBWXhGVHc1QzBvN3lyN3NHNkVyNkhMVS14d0o4bktXMm91ZlBXRVpzc0dpUWU5SUlTMjFkaTJFeVFLZW9KekpzVENwSHFLUUhmWGhoNWY4QWVsYUFwaV9VUk50bExkQlNqX0JvTzFBOHB0YlVvUmZFWFF6Q1BtcS1yTUhB0gHDAUFVX3lxTFA4YkFNUEh3TW1LWmpUYldsWmpLaVpOSW5lQlpka2xsZ3NZWG1YXy1oS3pucjAtVVhxVmo2R2NfaEczSGxlc1hHMFU0bmozeVNmNFlJalQ2M2xrNEs4b2VOMmdyVG5PTmE2STNCYm9CVnlfSDRyRkNkekRLbldsSm83S0VZU0hrTVVxQkk4cjlKZGRMd2RWZ2RKRWZKOG1JbUF3bllFb1NvQ0lCWjVEUlBGbFYzeVJ4NjNYRTNOWU00SVB6SQ?oc=5
"A história por trás das EcoBags: Pessoas, propósito e Comércio Justo",Fairtrade Australia New Zealand,2026-10-08T01:34:25+00:00,oceania,https://news.google.com/rss/articles/CBMijwFBVV95cUxPSmdvVlpSMmtQUGRsX1BiSjI1MmlxT2FQMF9tbkhDLW5WWmMzTU5JZDA2dklIclA1X194Q1dpMkQ4QzZscWJWdUUtNFp3TlIzTEdWRnd2OU5WLTkxS0pKZllxUVJrS3NyaUphaFprNktISW9FNTA4QWw4bUVpeDV6SnlWc1NvWjk0eHlBeWNiZw?oc=5
Preços do petróleo recuam com acordo para liberação acelerada de estoques,Notícias Agrícolas,2026-10-07T21:18:25+00:00,energia,https://news.google.com/rss/articles/CBMi1wFBVV95cUxQeEhnc1k3eXoyUjBuczhyZXh3NDhiV0hzeXRycjhJcVlsNXpfQ0RXYm1vd0Rub1BCNUZscDNTd2RmZDF5d1hZVm1zQUltWUd3N3Y4QTliVklQSklqTzViS2gyekFVNVZsX2wzRkFJYVdJUVNRUXRhTjRmcldWNmlOeUhEYUFVcmJXNmN1MUo1cmEtaXliUTJSMGp1bWRNRnVSU2tucm5qZUpnODZqdzBITzhsOU5kb2hOWEJLdW5kd29ibjNZMlFvallabUQ5a3FwNUw0ZEt2WdIB3AFBVV95cUxQaG16Rk5JSkpZVExjNkNhaHlDZ0t3dzZMekZNU3g4MEhrb2ZHYTVjcVFBMDZQMEF0UnJHMHVvemF4TjdRYkJuNTNQbURGWjR0dFNUOXptV2E1ZHhRZC1wNkp3aWpBWHNjbHpEN2VZU1J6b1RGSzl3UEpVODUzeGg4azFDSkhGODdNTkRDWEVRQWk2RnRWanJvNWxGeFE4VE90YXUxTUxUaXF0a2twNUsxZDJvY2lnNFdpa3BhbFhXbTlkdExGRmxMQkhQV09yQVcyN184MnZDc1JRRWxi?oc=5
Laboratório clandestino de anfetaminas é descoberto em chácara na Bahia,A TARDE,2026-10-07T20:57:22+00:00,ciencia,https://news.google.com/rss/articles/CBMitgFBVV95cUxOSEc0R0NtTElqc0pGaFFSVnpOZVZYbzhHaWN1QlJJV3pWT29kNW14bDUzcUtfX0daTm01WE5ERFd3cTV1TExYTmVWNG9jVEk3WG9lWjRmdDFfSFp2VWtrTnNhcHhSenUzSGkzSnZPZmhIRWtOdWxERl9QRG5GM2FienBaVV96dTF6NnYtbjNkcXVpUngwQTJpTUZhYUtfLTlqYjBlNE0ydGYwTjFsaW5hbVlURVZyZ9IBtgFBVV95cUxOSEc0R0NtTElqc0pGaFFSVnpOZVZYbzhHaWN1QlJJV3pWT29kNW14bDUzcUtfX0daTm01WE5ERFd3cTV1TExYTmVWNG9jVEk3WG9lWjRmdDFfSFp2VWtrTnNhcHhSenUzSGkzSnZPZmhIRWtOdWxERl9QRG5GM2FienBaVV96dTF6NnYtbjNkcXVpUngwQTJpTUZhYUtfLTlqYjBlNE0ydGYwTjFsaW5hbVlURVZyZw?oc=5
Gravataí abre inscrições para 30 empresas irem à Mercopar gratuitamente,oreporter.net,2026-10-07T21:32:10+00:00,empresas,https://news.google.com/rss/articles/CBMinwFBVV95cUxPT0tyeFY2SFZGRVFucE1NMzExYmJPa1BuSTFvb0g3TERYMTY4ei1NTDJmenpFTkh3dmdkUlZlZFVhd0tvRkFQY2w1SllpcXhNRHF3RVg0Y2V1TjJ3Q2RadlYxT0l1cE5YdkNtUlRHU3RkN0I4UXJHRGZQN21PXzhMV3gxVm9SbTlLYkZTNFhDYWZFTHdfbk5nUm1hZEl2ekU?oc=5
Cientistas estudaram um remanescente único de uma supernova de 1181,Universe Space Tech,2026-10-07T11:37:43+00:00,antartida,https://news.google.com/rss/articles/CBMikwFBVV95cUxObVhGenpCZzRUTDdZQW1SRzJxVTVmcWhqSWppUVpwYkNSVTJhZ1F3ejJZeWJQM0g3VVBTTEZjU1YwQ2J2NEh3RXd4VFhVYmJ5WUk4REVLeC1kcFhvZ0k3NWU0MXFyTTVFVzJma0lrMGlNanRfOVJJZWU3bzhRdk5Ba21BX05OX0lYVDg1dGR3SHMyS0k?oc=5
"Mariana Gil: “A mulher cigana ainda é vista como um ser incapaz, primitivo”",Público,2026-10-07T11:00:00+00:00,sociedade,https://news.google.com/rss/articles/CBMiwAFBVV95cUxOY0dhbHg1ZndnMGtKSjhrVnBod1VkNWVHalpsdkhoMGEzUlVLMXl0d01wZTJURjFIQ19qemVmcjZBQXZqUTFiMmtUN2VObno3Y3N5Z2FteHZQS1NGa3hWZE9laFR4bzdvdXhBX0JfVncyMmZEcjVpS1MtM1lySE5uc3lHejhEZk16VS04OHJYaktZSE1KLVpMSlFRS0kwYVpXLWkxZzk5Q0hqZFp1U2xTZ1l0RktDQWo0ZEJpaUhZOFk?oc=5
Preços dos notebooks com NVIDIA RTX Spark assustam e geram revolta,Canaltech,2026-10-08T14:36:00+00:00,geral,https://news.google.com/rss/articles/CBMiowFBVV95cUxQNm1sSm1hYnFja2gzcFpNc3h6QW8tcHZsT01Jc0s2ZGcyUllTZERZOEpJRE1uNHp1Mjl2SXpfTUwxbzZZMGkwQzJmTnhLWlg5MjJjcDB2MEVjWUhqLVdwNTI0dFlFQ1VSV3VwN21qaklIUkJfS25fMktfR2ZmSEtOVjdTSkZSemhEWDh0cGZ5SEJaRGY0RHk4WGhDTTgxR0tXZm5Z?oc=5
Seleção feminina se prepara para data FIFA com foco em 2027,Olimpíada Todo Dia,2026-10-08T14:12:39+00:00,esportes,https://news.google.com/rss/articles/CBMihAFBVV95cUxQRFVDaFZVNm5lcngyMHFua1FxMk9POERPbXFtQjY4bmxWNTZHVjd6MFRvR3E5Y2cxYzFPUk1mR2tvU1FXM3RaMzVUcXlmd2YyR1pWUGtOeG1MZHVaaUVuT05RRUlnUWR6YmFFVENNWXJ1VjVaUUJOTGV2VGZKUUZZVTdOeGk?oc=5
Direita mira STF e prioriza anistia a Bolsonaro no Congresso,A Crítica,2026-10-08T13:41:41+00:00,politica,https://news.google.com/rss/articles/CBMipgFBVV95cUxPcVlhM0djMUc1dGxPVlhia0FLdFFCcldJdGY5VzNkbGYzRmNZMXFJZ1J0U1A5Ulo3dHlNeXQ2ZzJ3RFdGbFBqMUpOY0h6al91dDJBSVR1S1c4YTU1azJ6T1JuTWV2SWs5N1BrMV83dVBqdTdSSGRKbGhrUnZoazBBaEFPWVdfUGZvMWxOOEhETWs4cVZQN0VCN0pienZLR1NwNjB5WjFR0gGmAUFVX3lxTE9xWWEzR2MxRzV0bE9WWGJrQUt0UUJyV0l0ZjlXM2RsZjNGY1kxcUlnUnRTUDlSWjd0eU15dDZnMndEV0ZsUGoxSk5jSHpqX3V0MkFJVHVLVzhhNTVrMnpPUm5NZXZJazk3UGsxXzd1UGp1N1JIZEpsaGtSdmhrMEFoQU9ZV19QZm8xbE44SERNazhxVlA3RUI3SmJ6dktHU3A2MHlaMVE?oc=5
"Fico, da Eslováquia, considera a estátua nua de Trump um sinal do declínio da UE",POLITICO.eu,2026-10-08T13:15:40+00:00,"americas, internacional",https://news.google.com/rss/articles/CBMisgFBVV95cUxOZHpJREcwTjdpNGdjSHJXdTNJMC1yOUc2eHExYXp3QU8yYTlYN1o1NnNGVkNla2pSSWVZcnd4VUh4Uzc1d1lld1hVY2FndzRpRzdaQ0x4T1MtRnNBeUNHRnB6Y3ZRbVpVOU1HTmp2VHhUNE50ajJCUENxamcydUlWTVViZXFBRkZBNGVVdlJ1UWZRWlJ4Uy1Gajl1ZW5MXzQwcXVnTEZabkoxa01mUDdObGRB?oc=5
Bombardeio russo contra ônibus mata pelo menos 30 pessoas no leste da Ucrânia,Correio do Povo,2026-10-08T12:52:18+00:00,"europa, guerra, internacional",https://news.google.com/rss/articles/CBMi1wFBVV95cUxNOHNYUDFuNGNFdnNrNl9XeEtrb0wybHlsS0RhV0o0Q3V3ZDJEa1pGek5CWkx3NG5uaU00U2g2Q29tSWwyTmdiMUxnV3pNU2Y4VkVrbUJUWThWTk9YbURsaWg1Z2Z4ZWc1WnA0ZGR4aXBFRkk4LTQ0VF9IUG1kcVhDS3BPYjBhM1lHRTFaVFFRZnV2ZVFKdW9JN2NST2NUX3VJYnF3ak1xVU1TVC1GXzZNSFJLUHdlV0MzREt5SlRqU3RHZlowcHlZc05USGVTU1ZHWHlrVzBhYw?oc=5
China nomeia Song Li para chefe da OMS enquanto agência enfrenta mudanças com saída dos EUA,South China Morning Post,2026-10-08T11:51:02+00:00,"asia, internacional",https://news.google.com/rss/articles/CBMixAFBVV95cUxPY2RiMlp5cF9KQlVmQnF0ZHJlSEZ4TUNrMEpvRkstTkFURWU0ZHdmY0ZRRnllZ3dkS3UxVDFWbFRNY1hLMHNSXzI0eU8ySmxZYlltem5rUnRxNE9pQmlVUmpBbXc3ZFQtZmxBWllRVEVNVE53RUhkUDIzVEdGa2x3Sjk5NnBBSkQxMHZnS0cyZ0NXM2tmdjVBbGhGMnpMdUx6ZU9BaTRyNWZlRzJoSVhqTS1SRGJKUUpQdVQxVjNiazVZdU1a0gHEAUFVX3lxTFBVbWQydV9BM0psaURDcGlOWUxFUGs4elk1TFMxX0dVMThDMWZXalpOUVJmTkZqNFBMTDV3cExXal9KWXViWlQ0UHctdXktWTM1RFI0SmNfMFlYMnNscDFIenZhaG9tRzRRMUpvZl9MbDZLU1RacTlaa0VLdzRKWXYxMjhKLXhxZ0lJS1hnRWJyQm5felBfb25SeEhOMzN2WF9PR2FPUTROaGswQk56YVJvbGZmMlNKR2p3WFJlMVhfYm1NQVc?oc=5
Grã-Bretanha e Austrália: aliados tradicionais que precisam adotar maior formalidade,Britain’s World,2026-10-08T11:00:14+00:00,"internacional, oceania",https://news.google.com/rss/articles/CBMiaEFVX3lxTE5ZUEFZZUljLXJzYlFfWVlGRkk2ZTg2RnlkQk91a0o0YThtZVh1VmQ4NVRYdDlWTmVXUnF2UXlnY1VxdVNZU1BRb1FjWHNkYXRKdUZmN2dSYXRfSU90WTNOUGVKS3VvM0Uy?oc=5
Canadense Anne Carson vence o Prêmio Nobel de Literatura de 2026,Money Times,2026-10-08T12:13:00+00:00,cultura,https://news.google.com/rss/articles/CBMihwFBVV95cUxOMVdDcWZwbjA5aWxlVUZpbzJKMG1XUEdmVURBRjcyeEl6NHZLM202R2IxVnQ0RHFDOUVONzlHWEFmaDA1aS13ZTdyWks2M0Z2dHBWWmRzUHFONV8zbTlRbFN6YmxRSVZKTFdfY0E5c2RRRlo2OW9FQUxLT2wtOVFHc3ZTZkZHVTg?oc=5
"#Daily_Brief: #Sudan's al-Burhan inspeciona divisão do exército em #Kassala perto da #Etiópia, #Eritreia faz fronteira",Facebook,2026-10-08T10:07:26+00:00,"africa, internacional",https://news.google.com/rss/articles/CBMi3wFBVV95cUxOYlJQSjNVdDVITUFRWDBYTDFZcG45YU1wNk52ZFR1T0M0Mm9ydUtSQW1DWm9CQmhRS0hLNFBPWWxsTnVSRVVxdmdfVEJXT2hCWVBFeUx3aHBDU0lKNVZvaGc5OTNJMDROUFlCUjlnWU1CZWNtZzdpUE9hVWl5RmJaNWo0d0lRekstZlhBRFBrNTRGdFZ3ZjVoU2R0UjJwc1ZmOXBzNXZ5TDk3RjFYcEVDQWl1bEhWTC1UVEc0cHRab19xUGpkR3Y1MzVwcWZYamlzRlB3S1g4Qkd2a0RXWldr?oc=5
"Paquistão travando “guerra global” contra o terrorismo, disse Naqvi ao chefe da ONU no último dia de sua visita",Dawn,2026-10-08T06:53:33+00:00,"guerra, internacional",https://news.google.com/rss/articles/CBMiSEFVX3lxTE5xVjF0Z29IaDBRT2dQd3J0REZKRERWc2FYMS12aGE5UWt0QTZzUzZYWTZkd3lPM3BRNmF3SG94OWFQbDJ6RUhsUA?oc=5
O jeito certo de desligar o carro com câmbio automático e freio de estacionamento eletrônico: negligenciar esse detalhe pode colocar em risco as engrenagens e o conserto pode custar mais do que você imagina,Folha BV,2026-10-08T10:44:00+00:00,financas,https://news.google.com/rss/articles/CBMi7AJBVV95cUxQM19PM2huek5tbEJiOTlyUGhLUkQ3V2lBSW9DeDdKZWRXU3pvSl90Y2xRc2g5eDZKZEVJbXVOamk0RUc2LXZQaml5WlFkc3EyQUFMSENGQjhnaVNxUEMxQmZIclV1b0dleWh0R21JTzhqZGlyamZWSjZzdjdIY1U2aGh6a2x4dnVyeG9CMDlBRGIyZVpZMV9GUG9TbTU5RlQ3SXhibmktbFlhSzJNNTBhNXYwYjI4Mlh0Mk8xaldlNFFjRGtFRkVYWFpHU29YaloxSlF4SWczckQwWWpzelJpUU5fZDlLQ2dkMUhjUFQ0MTdxYXI4Qk5lU090SVljUHc2LWpEMmRYbHpxWk1ZVnVHR0lrcXhJbkRDbllqM0dVT3l4VmE2SnRRY1hQME1uOE1wSllsTU1fYlhLWEJSWXZaX2tFSGNQQXl4NkR1OVRPYkVLV3hhUzJoeXlTa3liMVJqODFNWHpvYXVGME1v?oc=5
Paul Waaktaar-Savoy,Grupo AMANHÃ,2026-10-08T04:57:37+00:00,economia,https://news.google.com/rss/articles/CBMiZ0FVX3lxTE5ISVZPNzhQZkdWMFJGRXJoV0NKekF4clByM29TU3BJZHhzTS02RFctMnM1VkNCTHJBS2R0MVZQSVp0Q2VRUWNUOEM4WjQxeUVxQmdKeXljcFdNdzFUVnU2YVlhaTZjM00?oc=5
Temporal mata 11 cabeças de gado e causa alagamentos em Vila Bela,Gazeta Digital,2026-10-08T11:13:00+00:00,agronegocio,https://news.google.com/rss/articles/CBMiwAFBVV95cUxOZTN2c3FrdTBNc2cyZUlCdFVERmk0dTd3a1VwQUdaRFE0c2xmdjdjRmh0QkJhYmJDUmdIenNLOVprbF9IckdXZjl5YmxEajkwMkV6NTN4aExYNHZYWUo4d1FXNGxMWEI4V3hvcGRHb3JKWHQzSlUzbUp2dTluSlNFaGt6RG8xT3VBOERfWG5UYXZodmlxX1dPS0Z6c0h0a2N1MWdtMzgtX3NROWc0enFIdUowREIxSzlNZG9IbDhNWGs?oc=5
Nancy Grace Roman Space Telescope Archives,The Provincetown Independent,2026-10-08T05:33:22+00:00,espaco,https://news.google.com/rss/articles/CBMif0FVX3lxTE16VGtIRXB0dHFUUld5S01tRUdpcU0zZk9fVGY4a0JiZHRUeHIzaXFFaF9PaGVtT2JBbF9uVURQRVhpcVFyS0VpeGZ2bGpBNHcyN3V2elNDbkpLM3JmaVdEd2R5VzJaVUdUUDhYenB2S3V0Nkp5QUNFeXlHU0FKM2s?oc=5
Agentes de voz com inteligência artificial miram modernização do atendimento telefônico no Brasil,Brasil Inovador,2026-10-08T04:15:15+00:00,tecnologia,https://news.google.com/rss/articles/CBMixwFBVV95cUxPVDNnMldfb1REemRPaW1ZUjZETzlCbEtoaUhmRXBLTUtGbC0ta00yQklRYnRLc2dJYnhBbjEyYXZGUmRNTVN1RC1ST1BVVXg1YTZrVDdXMklURldJV2tlNDJTY1ZNd3EzcVJSbFE4R1hubFZ3MF9kNFlpaVVxSmVOMzNOdFE0TG5HbzNzaUtuYmJ0dUNjemlpUEU2ei1jSUptc0hpelc5Q0kwOEcwU2hyUnZ6Q1RSZmh1cjVkRHpRNF9JRWEyWnlJ?oc=5
CAMPO: Porteira Adentro leva máquinas e serviços a produtores rurais de Porto Velho,Rondoniaovivo.com,2026-10-08T01:00:00+00:00,logistica,https://news.google.com/rss/articles/CBMi1AFBVV95cUxOcUZHbWd5MVN1UVdRNWRscWl4QjZmV0lfV3pyankxS1lzRl9yZDdkdm5sY2ZCYXpQRTVORl9SemtvTUE1RGRwN0FKVC1BVzR1cWRCSzZrNW9Fc29Id1piS3JYZmtpalppXzI4Rjhnb3pHMVVBV09tQ1ZhQ2pZOVliVDVSRXpJUC0yU0tLb0lzVEVZajIxSk1kUVNDekdHMHpXamhHY01kXzJuZzh4VEt4Y1RtU21hckg3NHNyS1pWU2F3ajlETWpVbXlkRTdidi1rYU5vUQ?oc=5
Pacific infrastructure faces growing climate threat,FBC News,2026-10-08T01:30:47+00:00,oceania,https://news.google.com/rss/articles/CBMijAFBVV95cUxPQnVHU2plbDVmbnBMSlZ0cGhqT1o2YkFjeFpMdHhHbndQRklQYkJOUnVOakgxUi1QWEZLQ2lHNEpsdVJWR2lYeE56LU1CMVhSZVQ4anl2d2s1RXU5MUh3LWZXQnJsUHcxbUJFU3lmZHVvZExMZlZWN2szS2treE1uN2J4c0dRZ2lmOFE0cw?oc=5
Anvisa proíbe venda de insulina produzida sem licença e remédio com vidro dentro,NSC Total,2026-10-07T21:43:13+00:00,saude,https://news.google.com/rss/articles/CBMixgFBVV95cUxNdm5oNFdFVlV4T3JGZVY5UnZvVDY0bFFIaUxaRmZ0N1lNUmF2Uko3bVlnOWJJZ2JWd3puMDNKdU4yOUl2M3VVMEFkR19qUzRpdEpvMmhyQUFOVGo1dXkxajR2eG1WZHFvUk9xRGUxZFJuSFZuRmpFYWwxajdiRktISmR0YTN5TXpUVHVHWnY4djhja0JuT0FlZW5tRF9JQkNBZFMzNGdPLXhsMEtQMWJPZXBNYjlmdXI4bWFiMTlXWVVlNnRnalE?oc=5
Petrobras leva 19 blocos de petróleo em leilão da ANP que arrecada R$ 3 bilhões,O GLOBO,2026-10-07T21:01:06+00:00,energia,https://news.google.com/rss/articles/CBMi0gFBVV95cUxNSEozODBNSTVrLWJjYkVabkZyYXZmakV3VXRQQXlvRjNFN1N4T0hYZmVhR3ZGZFBtVS1DUHQ1dkxiQjh4Y2Nmc2w3X01tUGFlSFh5d194S3cwVmlMVEdXZWZiRG5aa1ptVnNmdGROLWktdVVDaVdEZTV6czdJZEI4YlJheGNmN2VkWVM1d3hqY3N0SmdQc1dLcnowTDhyUmRKRmhPdU9EWTRvdmNOOFhDZ0tIbzlESlBxLUpsbXRrX2dWT2NsS00zRDVMZkVMVXZTY3fSAeABQVVfeXFMTXdGLVpTS0FoYl9TeUhmSW9GMVZVa3JuZ2hYZkk2RGR2eXo1TDNwakFBYnotTk1jSkJ5UGJkc2otR3VwSmVqcE5hU2FwQmNYVThXX1dvT0IxQUxMNzJ1VVlmMkRfWkFTbnZfMUR1QVNTMEtHb28tYlNEb1pjNHpvMjZveFVSTjZlSHlxVWNwY09nZ2FmUnB3VU1laktRMHJvM0FIdEdSNW8zbVhsMkt4QTVMR1QzX2ZHOS1rMmFXTTJfTHBSb0NXQkh4MVNjMGMwdU1RSFdGYzZLZEV2Z25DLU8?oc=5
Usaflex está entre as 100 melhores empresas para trabalhar no Brasil,Jornal Exclusivo,2026-10-07T19:38:55+00:00,empresas,https://news.google.com/rss/articles/CBMiqwFBVV95cUxNZzg2UkNTZTJ6bHpncHhyUlVTaUlzVElGRjJxQ2JlUEhhbWRnRHF2aUgxUndscGZRWGpEdF9OZlo0NEx0VXZKS0VpeVJlMjExdEZ2Z0JWYjZWWXc3YUZvWkhkSV85cHFNMHNPbzlLTXVTRWREZ3dUd0F3TC13OFdnNWg0Q0xzM0NUSUtpNkx0dGFtQzE3d2txQ2NOTUFkSUdfM1NzSEFBeDkxdmPSAasBQVVfeXFMTWc4NlJDU2Uyemx6Z3B4clJVU2lJc1RJRkYycUNiZVBIYW1kZ0RxdmlIMVJ3bHBmUVhqRHRfTmZaNDRMdFV2SktFaXlSZTIxMXRGdmdCVmI2Vll3N2FGb1pIZElfOXBxTTBzT285S011U0VkRGd3VHdBd0wtdzhXZzVoNENMczNDVElLaTZMdHRhbUMxN3drcUNjTk1BZElHXzNTc0hBQXg5MXZj?oc=5
O ganhador do Prêmio Nobel Halzen e o projeto TRIDENT da China: um salto dez vezes maior do cubo de gelo antártico até as profundezas do Mar da China Meridional,BigGo Finance,2026-10-07T09:25:00+00:00,"antartida, asia, internacional",https://news.google.com/rss/articles/CBMidkFVX3lxTE9veWE5WXdESG02TURDYU5ZSjVvcE1DdkZZX0ZYejd1OUdqdmh5SHM0aGpIU19KRTFNRVlPMVFxTzRraXBsN0hXQ3paZlFESFk5WHgwUGRDT0ptNzRiZERkMENGa1VhQ3U1aVBLR3lWVFhaZm82VXc?oc=5
"Tribunal de Leiria condena a prisão homem que fazia das burlas “Olá pai, olá mãe” o modo de vida",Público,2026-10-07T10:21:09+00:00,sociedade,https://news.google.com/rss/articles/CBMi9AFBVV95cUxNWDF3RkJiTmlNTVdZc2FlNV9JSXRjTkZBcUFRd2o2aWtMb05YbjNQcEY0VlA4bnBDcDhQTDNqdGY3ZlprSjJQakx3QXhsbFlXaHpLN2IwTF9tbHRTckhFWC1iT242MTQzZVBPM2tQTkk3YmhiRjJhQmlUSS1UQklFcFdIeGVoX0FtS3dJanREQndGcWVzRlM0YjBmVEQ5TlJOMU5HVHVESUtjWnRwRXdUOUpseDRXWmY4LVkyZ1BCbmhUQ1hBa2RaQ29BUVZaVC1NcXptU0lEUFQ0Q2Z2LXNCOGVQSHl4cDZtS0RMOFNqYllySTRj?oc=5
"Homem em suposto surto invade residência, esfaqueia morador e morre em seguida",Folha BV,2026-10-08T14:35:55+00:00,geral,https://news.google.com/rss/articles/CBMiswFBVV95cUxNcVl4TTk0ajI4SExRSDBoclA3Z2pCSEU1NUdRWGR3QVUxNWZzQ0QydzVUQnpGV04wQzJOWndNRlFyS0IxU2VnLUViSkNSUEN5eERjSHA3VXAxN3Zpb1BXYXJaTGQtNm9CQk5DTXlGUzJuZGJONEl2VUJPQWZQT3pPT0hrR0Y5WXR0eE1lU3JpV2pXc1dQX2pWNlVkR2NTQTFaek9LRUNKWC1rc1ZwdnduZmQ4cw?oc=5
"Barcelona monitora Arthur Dias, do Athletico-PR, convocado por Ancelotti para a Seleção",Gazeta Esportiva,2026-10-08T14:12:00+00:00,esportes,https://news.google.com/rss/articles/CBMipgFBVV95cUxPazdWTkVabF9qb0dPSWhoZXZEMlF2MjVOSnFURFJoSFdZXzhsVy1EVVpiZ3pkVHV6di04dEpUNS1WYWVORDhPb1FEdmFuWWprTXZzbUhMTWQ4OFBReTBDX3lkdWk4a1BkakY4SUVRLXRWWG9rUWo0VVZBamtPZkZmRXNyQmx1TXJaRXE1Q1JPRjdKUC11Z2lBOUxsYnZvcWI4NXd5WTB30gGrAUFVX3lxTE5SOXRDYi1XTE10aUE2eDk1VW1BR285UXdIbWdyNlpjR19hb2xGTVhUdlFhb1VUTlhoQkRCQ3ZhZEtyVUI0c3A5VVJaTjNnd3g2Rjl2ejcybmpiN1ljaEtRam9ZcDJlbHUtZ3p1cTctVHFpTGVUaE1XNmw0c211T0JmblFsU2N6Vl9lYUlQaWd6ZjZLanpOQXpWV3NtSmNjNmJCRVBBb2xFamo3TQ?oc=5
"TSE inicia julgamento de candidatura de Garotinho, que pode definir eleição do Rio em primeiro turno; assista",O GLOBO,2026-10-08T13:36:14+00:00,politica,https://news.google.com/rss/articles/CBMijAJBVV95cUxOM2xGc1pHRU03QXhaY2pNWVRULXdiSFE0WUJodWdKUXZlcUU2blA2QUdBQV9HaUhNYS1qbzRpclRzMjdLVkFxWTJtY3BsSUhZelJIVWdfSUlNN2NpZ0tHVHloV0xuNExRc0dPZjRYTmtEYU53U09sTmI3clpBYmxtNHdEMXduNjYwMEcxaU5iOXZNeXp1YmdtajRIeVNLNFpTU2VfaG5mcnhzeXo4UF93V2lrSEdhdHdwMEItd2JOV3dOUVprRk9QRlppQXpJZ0tyaGxDV210Tl9FU2VFaTA4SWx6SHdlcHVRQ2I1UHhpQU1tMUJEZkVlV2Y2aFZRRDhJb3lmbTRxQktPSjE40gGbAkFVX3lxTFBfZWlsdktEZXBpd1hvMllYblJ3ZHhHN3ZJa19iTkNCUWZtVkh1S1JLNHRjd1ptVEsxUHZhXzB3X2NjRzMta2JENlhiZGNkM3gzUm1YT3FEbVdxajdIb3FSczJBWWhTR0dPQ0E5TVc3YkxhY045WXBGX054Z2NhaWRHNS1lckUwNGF5N0UwRy1kNkN5WVkyS0JScEFILXVucmhiMnE0RnBRZHZ3TWdZOFBZeFdVRGNOVmF4U3Y1eUxnM1pkU25teEU4N3ZYTllZWVpZZlBxdHhjSmVjQTRHblNRZ01rdEF4aXRENGFwcHdpY3A3SUVtTnZpZkhsNWZuc3pqdnZadkdBUWN0ekptRkVVeXpRUkFkOWhNVlE?oc=5
Seleção feminina anuncia quatro amistosos contra Argentina e Japão,www.gazetaesportiva.com,2026-10-08T13:12:45+00:00,"americas, internacional",https://www.gazetaesportiva.com/times/brasil/selecao-brasileira-feminina-amistosos-argentina-japao-2026/
"Ataque russo a ônibus mata pelo menos 30, dizem autoridades, à medida que aumentam os ataques mortais na Ucrânia",BBC World,2026-10-08T12:43:56+00:00,"europa, internacional",https://www.bbc.co.uk/news/articles/c875pwq134l3o?at_medium=RSS&at_campaign=rss
"Da Índia à Turquia, poderão as novas propostas para mediar a trégua Rússia-Ucrânia ter sucesso?",Al Jazeera,2026-10-08T11:48:45+00:00,"asia, europa, internacional",https://news.google.com/rss/articles/CBMitAFBVV95cUxQZXNSVmctY0RER0FRZi1XcjRrVTR0VEpPMzhLMk9SRjM1YkZzcU5kTGotRmFPTDdtR2tzTGQ0aFhTR3otVDhydFg5Zk42Y0xpVVBNa0xSTmFRT2d5VGRTeDlFblJPZ29oMU9hazlRZEJ3eVJqLWtKd2FSMVhPekZVT1ZSeTFsTnQ3TmhISVpZYTB4RmRiU28zaDh0dml1NFh2M0tCZFBNemk4Zk1OZUo1alpmaWzSAboBQVVfeXFMUFcydTFURFJJVjd4MkxJNDQ4V0pZaDM2RWVXZFI4azlvS2o1X3B4eUZzZmd4NFJHRjZqZ19HQmg5bURYbzNURlhqcjlPT2hmb0pBWkxqbGN4Uk9pNGFMQWl4ck1DVzdLNEN0OGhUY0ZhT1d2NVJxRzVsWE94MHZuN3M0VGp1MXQ3OHh6MndLSnZHY09VV1lUWnY4Wk9yV1VkRUg2ZjR2UDVFTFZ3bWczVTNxeUZRcXVBeVdn?oc=5
Feira do Livro de Porto Alegre terá espaço especial dedicado a Mario Quintana,GZH,2026-10-08T12:07:33+00:00,"cultura, logistica",https://news.google.com/rss/articles/CBMikAJBVV95cUxPd0prd2MyZ3NIczFGLV95N2RDRGFBVFlCbDlqQXRlakRLT2Zxb25odWRHTHlkZ1Y3dnVtczVDNmpQX2xTR1Z5c0ZtR2htVWFKaEExbWVzaUdOT2FWNm0wcG5aZzFCd1NZVGtteGJFMFNHYkhHT0I3YWk0clJfRVBqcUJiMjZTZWhLc1JnQ1VLTENoX0tTVlZhcDhFUXl2Mmp1TmVLYkxSVFBSdFhGMk9NSVdGaEdLdGk2OTc2YzFhX1ZUVjRPZXBYWFU0WVoyeXg5NlAxaVAzS09sUlBmWG8wZzYteEY1X2wyYjlDQ3c4TnVBOFNuSk1XRnQzZXdrTDBGQllMWUt0dGNEVGpKSTNLSg?oc=5
Ciclone extratropical traz chuva de até 200 mm e risco de granizo para o Sul do Brasil; veja rota,NSC Total,2026-10-08T10:15:00+00:00,clima,https://news.google.com/rss/articles/CBMiygFBVV95cUxNUjRGU1VHMW8xbjdhN19Za2wxY0NvOFFXOUo5cFBiSDFZM1Z1Mk9xWjNhV19fdzV0QVB6UVc4di1mZ08xTWhOOWRaeFJ0em0wTUFVRFJzbVQ2NjZiY1RacVBnWm01cmdUZGdwcXJ3TXdlU19VdmRYU1U3MjRPTWZsNmxmRnpkZE9jTTJRMGM3R2lJNnpPOGlVWkh0VFg3OUk3RHNHU25PcE1zMVdIclV4ZHNGWmRPM1Y1V1k5WnNvel9jTlFwT3B6S1ZR?oc=5
O Conflito do Norte da Etiópia não começa nem termina na Etiópia,Middle East Forum,2026-10-08T10:03:13+00:00,"africa, internacional",https://news.google.com/rss/articles/CBMinwFBVV95cUxOaDIta2dsdDZsT0dWX2VZbXV1QTJ5bnQ5czF3bDl2VlZoMVA3YjF2SVg0Qll1Mkk1ZDR2SXA4WFh5c1dRSHpiVHdhQmtjYVlRbHV6YnlFTTd5NzhiOFRRZVp1Yk1YTnBpWHNGNUdLcWQtcVJKejFYOWNXUml6WkVWUTYzT3N2Qkhsb0YzdElCbDdUSnZFWVJMVmY4dFo5Tkk?oc=5
Três anos depois do 7 de Outubro: o sofrimento de Gaza em números,Al Majalla,2026-10-08T06:12:33+00:00,"guerra, internacional, oriente_medio",https://news.google.com/rss/articles/CBMimwFBVV95cUxPNTBPOTU2WERJUmlxWlEzbThBT1lCTW1OTlF1REZXX1lQNFEwSmxnVVFLNGlUQ3pDcW53WmhUeVV4d1M0UWdwRXlkZWsxbm5CdUlBYnlPTmVEYTZRelQ3VW5ubUZPN3VrXzQzM05FQUJDRVVlbzdBckdSekE0alhhUVpxNlBCNndQelBkd2U0Q2pFOFNYT2hMV21Xaw?oc=5
"Mega-Sena: quanto rendem R$ 100 milhões na poupança, Tesouro Direto ou CDB",CNN Brasil,2026-10-08T08:05:14+00:00,financas,https://news.google.com/rss/articles/CBMi0AFBVV95cUxOSmRyb291dFFqVm9RR0lsUWdnZFNSQTBxX1FrQVp5WHNlVnpSanBnbUx0VGgwNGlVLW11a2tGTnFXT2R2RUphQmVyeW80UF8zdDNLYWx5am9zNHcyVWFoT254bndETzlFNHc5WGxsUE5QZW1ieElOLWtadHIxVVVtME5xYWpZTTNaSThTQ2ZVUG5iM0xMd0duSk9Ma1dXU1VtS0NodnBmT05zMTdWeGtPSkh6amFFS0ZMUFc0RGw0cTBucFlhblk2Q013ZGotb2xT?oc=5
Michael Ridley,Grupo AMANHÃ,2026-10-08T04:43:23+00:00,economia,https://news.google.com/rss/articles/CBMiYkFVX3lxTE9zTmlocE9rV05fV0tucWd4ZHMwUkJfRWIxaWxUbWR5VW5aMGExanlQbWQ5SUprTTJxLWNDMHUxa3YzU0VzdkpscTV5dnBTNGgyREk0UG9aTGZYamxtb0ZiUDF3?oc=5
Clima impacta planejamento da safra de arroz no Sul do Brasil,boca.com.br,2026-10-08T10:57:19+00:00,agronegocio,https://news.google.com/rss/articles/CBMimAFBVV95cUxQMmM1anhQQWVPNk44Njl4SGFQdWZvajV1NFhQNWx5c19jMWVoRm1GTUlWWTU4UDlpa3p6ZFllT1czdHRTdUxWeHBoUFE2NUVCNGJ2bWJfYjdaVUNyMHNfVHd1SDg5Z25NYUx5RmEzbnZBQU5ibVJSQjRNcHdrZzR3RENhYkQ4X3JxeDJFSUFDX044Vk1ZVlJLcw?oc=5
APOD: 2026 October 8 – The Saturn System Smörgåsbord,NASA Breaking News,2026-10-08T04:05:00+00:00,espaco,https://science.nasa.gov/image-article/apod-2026-october-8-the-saturn-system-smorgasbord/
"Cliente aluga carregador portátil em um shopping, devolve o aparelho na estação e dias depois percebe que o aplicativo continuava cobrando pelo uso",Estado de Minas,2026-10-08T04:07:00+00:00,tecnologia,https://news.google.com/rss/articles/CBMilgJBVV95cUxObXJVdXZINnhnNkYwc0x1VVdjYzZfMTFpeDlpZEJkcUJrbDdYdlpjMmpkRWtlVk1XVHZQeFhTMXBZNjc0bUg5YlE5Wk1rNVdRbXhPRnJMb3A1b3dHNGNCSmZrY1NvRHEtcnRKZDRVUU5PN0hySk9IUDc5cDY0MktVQVVfdHhaVmNTQ3BTaFdNMFBTOS0zdkJzY3VjTDg5WFpNOHVUZ3ZvX0dWWFRpak5jVFdOZ3VSaW11Z1R2Q3V3NTlGV1ZZT1lnUDI3bjhfS09zc0V2SzFrT0lzbElxT0M4TnYxS3JEemxfME9kQTU5Vmx3Mjc3SW13QWtrWDRxMHk1Y3FCSHpkcWZUd3FmamRuYTJUYk1RZw?oc=5
"Barcaça de 135 metros com 168 vans Mercedes encalha ao deixar porto no Reno, fica presa por cinco dias e expõe impacto do nível crítico na logística alemã",CPG Click Petróleo e Gás,2026-10-08T00:37:00+00:00,logistica,https://news.google.com/rss/articles/CBMinwJBVV95cUxNOUFENlI0Um9ua2RfWHo0dzZiR1VpZHBURWRpVWtiQklYc01GMTRrck1pbkFnVENCTlZ4QzhhVENhWEFkMldSTzVZa0c5cUhNaGo0NmZQaXJVQmpxbEtIX1JaZjJsVnhSYnF0ejJhMWRiXzFQTG54Z0I1S2FselNHVWdvVldVMEotNXROYnJJUDR6RWJ1R21Xb1A3aElNNmVDaGpRWW04LURkak5UdnpBYU5sQmMweFFtWDhPSGNrSUl1MzJPQjg2ckc3cEJBbTBlUnhHU2ZEM3k4T0dDaWFXQV9NSkxFcjFjeldwRTZPcTVYTzd3UDZkYmp4T1hvNmhTbXFma2JWRnFGUGpsS2tYLS1heFVUNU5tM1N1YnAxSQ?oc=5
Enfermeiras migrantes ‘vulneráveis’ obrigadas a trabalhar gratuitamente como voluntárias enquanto aguardam vistos de empregador,awaaz.co.nz,2026-10-08T01:07:34+00:00,oceania,https://news.google.com/rss/articles/CBMixwFBVV95cUxOLWJoeUFkT1YwbmoyWGdfUmVldzJIWFFlV1p1b2RnMUtxOXNNUllia1lORnd0WHBzSTFISElUVFFzRU8zZnUyMExfa2p3bHpyZDdKLXBSZXMwdUo4RzdvZ09oVmNUb2pxSnVwb2lsQU1RR1JzeFFrTWRPS1ktbFFQcGluVHY0VTd6ZFRhV1RjSUFYVk9lQTNuamR6SXI5Vy1LUEpNZ080TVREMHZqMHZfdTloM05sWV9jeVFnNUdGRTV2RW5jbWZn?oc=5
Médica é afastada após ordem de prender pacientes petistas em hospital,DOL,2026-10-07T20:23:48+00:00,saude,https://news.google.com/rss/articles/CBMitwFBVV95cUxPMEtFeVRxS2s4S2ZLd3BSTHpQVlN5c3hJQjN2azlHanRETGkzZVpnaVdva2EyLW0xcjM2aTQ5RXdmdGV5VTBSajYyZ3ZzT25ma2xWSUxjZnZEMVdsQ2kySjJRaXRZMW1ITU5zWUxOYWZsOXlyOC1Tc3owc0JnbUZwS0pibjlIMzhPREpSdmRGQnotR1BReXQ5dWl2S25oNjlfREM2WUJNT3J1YWhUTE5FR05IamJta3fSAbcBQVVfeXFMTzBLRXlUcUtrOEtmS3dwUkx6UFZTeXN4SUIzdms5R2p0RExpM2VaZ2lXb2thMi1tMXIzNmk0OUV3ZnRleVUwUmo2Mmd2c09uZmtsVklMY2Z2RDFXbENpMkoyUWl0WTFtSE1Oc1lMTmFmbDl5cjgtU3N6MHNCZ21GcEtKYm45SDM4T0RKUnZkRkJ6LUdQUXl0OXVpdktuaDY5X0RDNllCTU9ydWFoVExORUdOSGpibWt3?oc=5
"‘Nessa altura do campeonato, qualquer gotinha de petróleo a mais ajuda’, afirma especialista",R7,2026-10-07T20:55:14+00:00,energia,https://news.google.com/rss/articles/CBMi0gFBVV95cUxNQThFTGFtMUdaRGJLLXNrQU9CSjVCWFdPN0s4OWhFcGx4WnBTTWFmd0ZMZ3JxMXJ3RElYZGQxemowQ0szdC0wNEhwZm9PYkQ0cmxYSHNQS1JwUnJ2bERKRG5zV0lJeVNqd0o2MlZBX0JyYlMtX0hLU09KMEtZTVNpbUVCX1ViSVRxYUdWbVA1WTBkNG9HaVlQZEJwRTltdEk1aV82aVlxRzMtY2EtcUpzMkVOZmo5aWt2Tm9pWmg5Y1N3S1hVcl9wMnQxRUF2eE1LSXc?oc=5
"Parece minhoca, engana o olho e vira nova espécie no Brasil",Boca do Povo News,2026-10-07T17:13:33+00:00,ciencia,https://news.google.com/rss/articles/CBMikwFBVV95cUxOZUNrSlpKdDVSWHNnZHkxQ2QzSEtXdGczSEpLUXJmOHhlZWJqZjFCRjNkSHdpTkJHTDdPQjIxcDBnV2FuaFJMZDFrYmtBQUxZdEJ1VWRvbW1xWEVHU0Nrb1IyR2JrdndkV0c4eXp2YTE4U0xLMGFJdU5HR2lJRm1kTThEcDZoVXdBcHMzTWFnZVUxa1U?oc=5
Número de empresas em recuperação judicial cresce 48% em maio,economiasp.com,2026-10-07T19:27:27+00:00,empresas,https://news.google.com/rss/articles/CBMimwFBVV95cUxNQ2V1VlVCYWFJZHdzQkpQN1JJZmg1YlViS01qbG5jS0k3cExMQjdINFByZE1BYmZlbllvbHRKUzlKLVVMZWNPeTEzQldKUTRvNWJvRjNTSjE1SjhtZ1FweDBob05UTGd4Q0E2UFNzSWNuaEhzSjRnaFNUVmpFdUhVZldROGtfa1d2bDJweFZjZ2lZWGZTQzFVM1ZDNA?oc=5
Nobel Prize in Physics 2026: IceCube Neutrino Observatory,Drishti IAS,2026-10-07T08:37:45+00:00,antartida,https://news.google.com/rss/articles/CBMiuAFBVV95cUxQUDl4M2Q5bkt0NmJsMU92UmlfYm1WLUVIRHFjeVo4aE1ibDNrMkdtckRycGVMTEFaREtoZjVocVBGUHowTUR0aFlYSE0ycUJ5OFZoRXA4TmhhMWM0Mmp2M1drRi10aHdVR29rcmtlVmNmSWV0cVRuS2R1SlR0dmJTYlp1QUpYeng2RjJ0TUJISUhVWWpGblF4b3U3azNYeFZDZHZOM3lKdU5iUEEyeTIyd2NqUWtSQi16?oc=5
"Mais de 100 mil alunos pediram bolsa, só 1700 “caloiros” têm apoio automático aprovado",Público,2026-10-07T10:18:04+00:00,sociedade,https://news.google.com/rss/articles/CBMi9AFBVV95cUxQbHNIcnhMRmhpREhKNHVtdjg5Mm85eWpyOHItaTJydlU1MXFtcDJYRy1wa2lQNGFjSTdYMUlBTUpOa0FxbmY1RFZFM2I3akktN2hwWEtmTDNiWjdqVlpTNkxzX3RWRWJkRk9qUEhWZnVMRzA4MUw1WXJHdDNpSzJ3MWtDdXZNV0w4R1h5dDlYdmZqMDR1TVVnX1FpdVl4bVdWMVVtcjEwVGtWOEVCSnZlX1NJNTJfa2RzeHFjTzVXT2lYUFBnRVZHekVkRm9tMDVEVE8wRzV3TzhKSGtRNWlhcVB1WEJ2dlN3dTBRMUZPNGxjNlNj?oc=5
ChatGPT lança recurso para ajudar estudantes em provas da faculdade e controlar prazos,Canaltech,2026-10-08T14:35:00+00:00,geral,https://news.google.com/rss/articles/CBMi0gFBVV95cUxNd1c0V0o2OF9NQ0Q0ZTlqS3lGV01zNDktbkxWS2NMRnFOb0N2b0JjdXN1dE93SUJmNUl4bFdUakdNcXBwOVR1MHBoWTFtbmM0aWVDVVAxYnJQLW9oV1h0eUVSNVBsODhvUWdWelBtdjlxSWREY1JBZzkxcEh6U2ZKZENQTFA2TnF1RkZ3Zmc0ckJmZ0tDczc2WVZZV25PZ1BBMmMycmxZcHFGQ1NZdGw3Q01PX2dGYzlGcjVObDh4UXdYdGFGOFNQUTdpSnh2NldwMHc?oc=5
José Boto compara Filipe Luís a Leo Jardim: 'Muito limitado',Lance!,2026-10-08T14:05:00+00:00,esportes,https://news.google.com/rss/articles/CBMipwFBVV95cUxOQWdRR2s5Ynd0OGVuUXNsdUxMRmRRSXFJcnFqakdFcUhBOG5xbFI1LXF5eTIyTjkzUnF3bnd3MU56aXY5VUF2R2p1LTlTdGVOVVF0bHE1UERncFhDVlBSSnhEYk9zSnAtWlVqR2FRVDNPVzFrWk9ycEs2UndGSUhTLXRldjk1cHdvakJxWUNHUUQ5WWtoSmFvSkpFNC1YR2s5cmExMHlSbw?oc=5
TSE julga anulação de votos de Garotinho e candidatura do Deltan Dallagnol,UOL Notícias,2026-10-08T13:31:48+00:00,politica,https://news.google.com/rss/articles/CBMiwwFBVV95cUxNV1hwNVl0ckVNOXpNME5qQ01ZakRQeDdfbjkzZDhfcUJkeURQRTJwbXM3QmRUaDdxdUpnWUNOclczN05CSG5JYVlkSFdUOVNTbDZiR0Y2MDlQWTVOcUswaVNvRGhTT1I2dkdPMjVOM0hVV0NVMFhuYWhlZjZfRUpBYy1jSTRNRDh1YmlJcEZQUUhham11WlFYZ1NoVmJBY2ZQTmJiMUNUTWI3U0stS05YbVlXUVJ1MU5QZ2tSTU5Obk5JMmc?oc=5
Advogado de Trump diz que Brasil tem “valor estratégico” para segurança dos EUA em minerais críticos,Gazeta do Povo,2026-10-08T13:05:00+00:00,"americas, internacional",https://news.google.com/rss/articles/CBMiugFBVV95cUxNa0x2ZHlxejhmRGtBaVV0R01pM1pUamU2M3cwWXE0SWE5UTh4OWhLTk8yelhEcXFCWERfVll2a3ZNbEs1N3BZbWczMzE2NDF6YmNON1JXNGlONlB5M3NIS2pnZW4waTRxV2tIUW03VkF4SlNNVGhXaTQwODREeU0zNENrTExPS1hPWkNYMzdvenhWWHcwNnJ0TFdfalFyc3JPcVFnMG9VcmRGcmRBaWVRNXlUa1FCY3V5dXc?oc=5
"Ataques russos causam carnificina na Ucrânia, 28 vítimas",Vatican News,2026-10-08T12:43:08+00:00,"europa, internacional",https://news.google.com/rss/articles/CBMirgFBVV95cUxPd1EyVVA4WG1qbGFHSTh0MUJLbk1zaHJDSU04cUNUYUtNb0RyM3VuV1AzU3JtbmlSNFN6dk9sR0d2YkhhUEVqdWtvRllsX29xcGZ0Z0wwcDdub1BUeUdxcE1SbFFuZUJqQmc0QWdlaFNnV3VEX2xRRU1KMGMwY21YUE9nNFhJcV96dTFSdzdxOVktTUZ4RS1XZHNMc0xWaFJyQUVvdzRfZTA5UmVITmc?oc=5
Os EUA têm a Índia como aliada e alvo de investigação na mesma guerra industrial,The Economic Times,2026-10-08T11:46:00+00:00,"asia, guerra, internacional",https://news.google.com/rss/articles/CBMigwJBVV95cUxPSEdNOWh5TTA4dm4tZ3NzWXRNeXJiSW5ZMnZXc1NhSnh2YnBJbVBDQjJrTnZlTTdXT2RueGJRX1cyak8xWFpDUzROU2lVUEpBWUluV1plOHVxaVhUTklmNmJ4RmdFeEVfcGNkdDRSLVJTN093Wlp1RHNHb0NyZ1N5bjFCM0p1U09idzQyMGR2SENGdjFia0gyWUFkZ1RHM1V5cE9HV0FjbWx4VnhmS0UzS2ZBS0tXS0o5dDluWGwtbGM3NVpXMUgzWmVEVlhxbFpsaVJld0g3TUVROGxvOWdhUWlRaWZESzg2RUFMUEZvRW5vUERPMnJhSUR3dGpwbUk2RUhr0gGDAkFVX3lxTE9IR005aHlNMDh2bi1nc3NZdE15cmJJblkydldzU2FKeHZicEltUENCMmtOdmVNN1dPZG54YlFfVzJqTzFYWkNTNE5TaVVQSkFZSW5XWmU4dXFpWFROSWY2YnhGZ0V4RV9wY2R0NFItUlM3T3daWnVEc0dvQ3JnU3luMUIzSnVTT2J3NDIwZHZIQ0Z2MWJrSDJZQWRnVEczVXlwT0dXQWNtbHhWeGZLRTNLZkFLS1dLSjl0OW5YbC1sYzc1WlcxSDNaZURWWHFsWmxpUmV3SDdNRVE4bG85Z2FRaVFpZkRLODZFQUxQRm9Fbm9QRE8ycmFJRHd0anBtSTZFSGs?oc=5
Presidente do COI envia apoio oficial ao próximo fórum atlético russo,Inside The Games,2026-10-08T10:23:51+00:00,internacional,https://news.google.com/rss/articles/CBMisAFBVV95cUxNTExjNVlmU3ZUTWN2eUd4QnFLXzVZdUZZTkx1ZFBpVk5LTzdqWWpENURtZl81cEJIbHhqM3R2TjJwMHZ4c3o2RnNkb1hydkJma1BGRTZnWFNMR2RxcElfc0FwV1R3aXBmblVrQ1VHMUJmeVNYUFRQeExvVUpCLTZnUC1Hbnd0dHd6cUxEeHdGQkRyQWtOeHIyaFlad1d1NGxwc21DX3ZscExrazNTOG1YQw?oc=5
"Agenda cultural gratuita em Maringá tem capoeira, teatro e música; confira",Maringa.Com,2026-10-08T11:51:42+00:00,cultura,https://news.google.com/rss/articles/CBMiqwFBVV95cUxOZ3Jsa2dnM0JCUTJFUERBN3VQX1p6M3BMVGpFbTNwN2tSTnFVaWItYTRVUTg3TXJIV0tXTGtVT0FTbmRmUGh4QjQ3dWprWmpzZzdob1Exc2Jxc0R5V0JseWR3NWZ0OUh2R3JnYnQteFh5VERTdXQ3TFBtR0piLWR0X2Jtb1JyWERSeElrZ3ZKaEJpUWdKOW5iTkliY3pYRWFZcUp1MkdldkhOX2c?oc=5
Chuva forte atinge várias regiões do Brasil; veja previsão,SBT News,2026-10-08T09:40:40+00:00,clima,https://news.google.com/rss/articles/CBMioAFBVV95cUxPdF9JRzhqMlBldzdqYzlGMTBVQVhqYWFQOWlvajY5RF9HeUZyLVpyUXBoSUZ2YkFXV05DNjVsUGpTLWFWelg1dHZiS1dUZWtBTGpUVDdibUdvWU91Vy03Z1BxQ0kzcDQwd3lmWUhNbnpselpkWmlYRzkzWFdHM2JxUm5qMDNzdkxRVU9ick5vVjVWb0haQVJaM1A1LWJrVXk5?oc=5
Novo escritório em Trípoli posiciona a Líbia como ponte de desenvolvimento entre o Norte da África e o Sahel,The Eastleigh Voice,2026-10-08T09:20:36+00:00,"africa, internacional",https://news.google.com/rss/articles/CBMixgFBVV95cUxOdWtxUldfSjBaM3BGMlM3NnYtUVVrNVdYSzVTdERSZ1d5ckRpemdTTTZHbG5fTXZFVmVMWTQ2U1FwMFM4dFdPX0l4SFZiRFE4d1poc3ppZ0FQNFFIXzVmaWtBTldMM2ZpUDg5T3hPc0Z3bmZ2bzFwT200MFAzYlJvYXFCVkFhZXlSRnNMVF9laS1GcWtzNVZJdjZOR3ZvM2JBOEFmU0dmQVlwQ1Y1MmQ5S1JLa3hMRndQT0p6WHJObUEtWktBRUE?oc=5
‘Todos os dias há mortes’: Palestinos em Gaza enfrentam ataques israelenses apesar do cessar-fogo enquanto o acordo de paz estagna,BBC World,2026-10-08T05:06:09+00:00,"guerra, internacional, oriente_medio",https://www.bbc.co.uk/news/articles/cmx2qlz7qrd4o?at_medium=RSS&at_campaign=rss
"Dólar cai 4,12% e fecha a R$ 5 após Flávio Bolsonaro liderar 1º turno das eleições",GZH,2026-10-08T01:57:39+00:00,financas,https://news.google.com/rss/articles/CBMi9wFBVV95cUxOcXhfTkVmNGF1YWxIczFtaXlCNnRUX1VGLXc2eURtNU1XQWU1N1B6N1o4N1laMENCNFFZUlNnSTJIX0xhYV8wQi03LXh4SWNFQnh6SExmbWpQREtaT1MydldlQlY2bEoxVWlnRGYteTRDaTJDbWJ3NlkzSmhQeF9LRXZlemk0cURuUThkYVh0RFFIc0w0Wml2NlR5Um91M2NOa1NSRzBqZ2JaSWtpYlphd1pTZEtaNXg4QWZqTTh3SGNNTlpkcjdVY2RiY3ZpeFA2RlBkUGxNMHNSQVlEX2FUQVUxQmlvMmw1c2RWdzRnYzVhTzdaV3R3?oc=5
"Flávio considera mudar correção da Previdência, da saúde e da educação para obter até R$ 250 bi",Folha de S.Paulo,2026-10-08T02:00:00+00:00,economia,https://news.google.com/rss/articles/CBMi3gFBVV95cUxQaGQyM01sZlJ6emZsMXB3dHEtd3JzOEpmR2dnQ2MzcmlhaHhaOTBzZmlyNzN3Q0tlbVFvS1drdEo4eV8yZzUzTlRwc2I1cjJUOHo4V1BSNnRJNGdwQ2xnZHhscm52YU83TnNxQmlZYmZNdTM1elpTeS12bHloT0RMWXRQcThINThZeHdFdE9ackFKekR3Y04zTkpDa29qM0l6MENaVURpLWxXZFFxVGNWTVR5MVFVR2pfRS1HWTNPWUpZbmtKVTNYSnctVHZ1VVFQV21DRVNadkJnRndEQlE?oc=5
Desembolsos do crédito rural caíram 30% no primeiro trimestre da safra,Globo Rural,2026-10-08T08:00:00+00:00,agronegocio,https://news.google.com/rss/articles/CBMi5AFBVV95cUxOcjhGOGx2TlhUZEVoWTkzc1BUaUFVSllFLXlNZTRxWWltYmF3cmE4dlRJY2xTTFZTZjdqSjhUVm5nbjEwaTJXV3VDb3VJZ205cFRabXJLcjFOcWxJZHZZZEg3aXpFSHZNVmFyT3VQaUJPRW1NVGtRYm9STlUyelZERWpTb0VIODVoeTNBMU9VMG5ZT3dnbzdmT1A2eTZYT21MQXhiM3FYX044NHBpdXFiNXNzXzdraUlYX0lRd3c1d2h6YVFrckt3LTNMMFNHSkc1OGxwMFJIYzFmaXRTVVZXYkpVTFrSAfMBQVVfeXFMTWVtRDlybENYa0FxZDVHUW1GY21PcDg3X1BneU1FcUNTemI5Mno2TDdRNUIwQnhwYVRoSVU3eE5KZUszbklLVDY5a3NRYmZ0eUtOdmo1MTJVeEU1Vy1XQ2YtUnh5Q2dNeWFPSmFYZjlVeUkxVU81bGhQWTRJQ29UNEltdHhXczA5ZW9HMWQ2dndUdDBrc0EzclZXTDNRTG5ySHFYVGZ1R3Ryd0Q1dEh1NFI3QS1IYUZkbXU4NGRUcWlBVEdWek9RcElhb01MRkVVZmtjb1NoeXhsSmZRNUZ1TldjNWxRQ1VPb0lQbndvYjlKWVRF?oc=5
Fighting Drought in Texas Cotton Country,NASA Breaking News,2026-10-08T04:01:00+00:00,espaco,https://science.nasa.gov/earth/earth-observatory/fighting-drought-in-texas-cotton-country/
Estudo propõe integrar inteligência artificial e processos naturais para restaurar florestas,Agência FAPESP,2026-10-08T03:01:10+00:00,tecnologia,https://news.google.com/rss/articles/CBMiRkFVX3lxTFBNNU5HbEo3N1kzWHNGclFSOXFrcUxpR2RPcjhhUWRGajR4N19sN3NsWDJoVXlyMjdpVGlfQmVOSFpqMUpxN0E?oc=5
Caminhão derruba poste e deixa residências sem energia em Cachoeiro,A Gazeta,2026-10-08T00:22:00+00:00,logistica,https://news.google.com/rss/articles/CBMisgFBVV95cUxNb0tWLVBzaVVJS3prSDItTEwtVlZMUFJtTTJ4ZGk0NERldW9RWk9Jc2ZabnRXZG53UWxGQUw2S01UNTVPc3VvRnlZSDNLV2k5R3FDME4xTVd4MkFqZUk1OEVwVWVxZnlIU011UTNid2V2VW1xVkVmbU5Mb1VZZTFFWjhJMUpESmtNaklJWDh6Tm1SdHlFM3VnUFNBZXl2NVh1dVd3QThZRXZaWlo5T1M0UTlB?oc=5
"Ativista climático de Sāmoa diz aos líderes: Agora vocês têm a responsabilidade de agir pela nossa aiga, futuro",Pacific Media Network,2026-10-08T01:01:20+00:00,oceania,https://news.google.com/rss/articles/CBMixwFBVV95cUxPZjZZUWxYbURwMnRUSnFnbkdBdXdTYUtnN1VaQ0tMV2FvS3R5SFhrZ29YWDJ4T2lWaUZsWWtJcUpaWFp0QVdqZS1rd21NYW1GQnpmT3JEYXVRVTFWQVhKS0M0RWo3MllXdUZfdnFySmlicXRxMVAyb1lNSkF1R21KZWQzMHZPWXNVVlVSNlJTYnZpVUFMcHM3dnZzOHhqazRqSU9hTUhxVk9qb2t6dXBoeXJORW8wMG5YM0ZoZFRoY3J3WnFIcE44?oc=5
ENERGISA: Hospital Regional de Guajará-Mirim moderniza climatização para reduzir consumo,Rondoniaovivo.com,2026-10-07T20:05:14+00:00,saude,https://news.google.com/rss/articles/CBMi4AFBVV95cUxPcHUtV3hDNXBVMWVxS3JnSnRXTU5GbVdfUkpEWUJXR1ZqcFIzbjFyaDZaZ1M1OTRvWFRBaHlSaHk3Vm45Wk9KbTg2NGdhVFBCX2FyVS00RnpZYlozM3kybDlDbFN0SEZvbWNwVkpVenNiRjhGOUUtUGdRZXdON0gyam9ncmgwWVVOQ00zdlQ5NThqVmNFcVNYbUJIV2tEMHREVFEtQkh3c2QxTVh6MG5RTVdickdiVlc3YWVwS0tyTW5WWmh0Yk9EaENjV0ZtdDRrU0ZuRWxKMnRGaV9Bb0Q0VA?oc=5
Executivos afirmam que mundo esgotou reservas de petróleo,R7,2026-10-07T20:51:24+00:00,energia,https://news.google.com/rss/articles/CBMiyAFBVV95cUxNUlJDcmFySkc5UUJzQTlCN25QazdNejZuV1NDOUt5NV9mNnFlREgwN3Y2SGZKY3ZqXzRfOGs0THhHV1JPV1dyM3dNdld6UUs1QlRxeE9KN3NUdV9FWC1HelhqaS16ZVhkM0MwUFg0Z1pGNElaNXMwekNYek85aS05MktJZTZEYXlHSlJwMjhsVjJvaG1zWUJYSC1CNVFqdWFBRW1UeHN4R2hnTXlPRXk3NHdWOHlZelMxMU4zTktCYkFkWXFiVGI5Rw?oc=5
"Brasil nunca ganhou, mas já teve grandes nomes indicados ao Prêmio Nobel; veja quem são",CNN Brasil,2026-10-07T17:06:12+00:00,ciencia,https://news.google.com/rss/articles/CBMiwAFBVV95cUxPeWxSb0loYXRKZmRBeFltelBYNFNidVBpVUZ4RW4tTjhoNWdIb2tUSzdHUWhQLXF1MWR2R2FkQXVpUXpWR3NhZlI1cEs2MmxVOERVaWtHbllaclFPU3BReHFXSFZibDZzYVFEelZyS1pYMUlMYmJUbGQ5NzgtcmNaNHRKNlpERy04ZEJ0UjZTZXJWZUQtLVVXQzVFdVRxQ0pkcm0ydVk2YVdpbkpmOWV2VlFsUmFZYkdLbWdmOTJud3c?oc=5
Brasil e Portugal defendem reforço económico da CPLP e maior integração entre empresas,Correio da Manhã Canadá,2026-10-07T19:08:11+00:00,empresas,https://news.google.com/rss/articles/CBMiwgFBVV95cUxPeGoza1BzVFRGZ1EyNms2dmJIamR0Ui1nRGNUZkhlWTh5Qng1ZEpPRHR3NmRJVVBDRE9xbFdnZ3JuM0RBNy1Lb3Z6ZTRFV0w5RWQ3Z3NpZTROWVhpeUJBQmE2UXo1ZEl6WlZhemxXQ3k0NWpFb1dPM1M2RVlxcVBzVUxLaDJ4MGpHZ2R5VjV2Rk9TQjM3UmIwMVJSblV3NnZCMnlLeHlacV9weDVGdVpZSTF2ZXlwM2VLVGRvRXF1blBHZw?oc=5
Nobel de Física: como gelo da Antártida virou observatório do Universo,Correio Braziliense,2026-10-07T08:02:00+00:00,"antartida, internacional",https://news.google.com/rss/articles/CBMi3AFBVV95cUxQT2hLM3VlY0Q2ZWxjdDNoNGM4Rjk3N05kQ3J2d3BJWlJYVkFQMmlmaHJLOHdNbXJObW4yZFE3WHhueExYUGlGaGV6b0gxSlFPNUJKZ25VV0p3RUo5MElnT3I0M2h4ZWVCSF9oXzFVci1JRjJMZmZLY3REaE0wUlJzdV9IQ2U2WnJUaHo0dlhzUXRWak5lWjJ5VGpsQ3JaRC0wMFFsSExPUk9DeWFLM2FXdENkUklVNC11dy1jUEYzOHM3TzFxUDlrYUFnVU9aWHowaHlpS0RiU1BvMXkt0gHiAUFVX3lxTFBZa3gtVWJ3Vml6NXZZWTJRY1RFMEtxQjJwSHM1bTNocU9NZnR3RWZnbk5VVXdJczRtV1YxeXZyc20xbzdmdEZLcXB6QnJKcnNpRTBlMl9IQ2hDelpYUTlhMzluaUtKa3IzQTh6MF9fUGl6SVJBeUdYR2hrTXJVVjZlS2ZZekdPRVR3SThUUUQ0bDlIc2U5dVNnOFlCdEtNMXpxX0Fpam5jZ2NLWUpPb0dUcTEtUDBTZndXc3NsMVlDU2ZqSFF4OUlZeWRjMzlwOWtsUEo4Rm1sOXFMdXIyT3htZWc?oc=5
Operação da Procuradoria Europeia em casos de fraude que ultrapassam os 130 milhões,Público,2026-10-07T08:57:43+00:00,sociedade,https://news.google.com/rss/articles/CBMi4AFBVV95cUxQNWo1R1FPeWQ1NFlQNXBUd0EzMEdienpZYTdOdFF0YzdoV3VNcDRQd05PcHRnc21TdGkzYmU5V0txUkFqNW0yS2xpY053VkxUb0FrdEI4RUdyZTNhbnNmLUU4d0ZXTy1LNVFmVmNxN0V0R0ZIMkNBRXp3VXFkTjdfR2pBbGFPdHdqaEJpWEN4bEQwRk9oUndNbDJwNEcyTTlYNlRNYzNEdjhyMHJIeEFyeVNpNnlrZDdwUjdyWmZzLWRRZzA1TmRWQVhYWnFBUGNiYnEzNllpdDh6Ymh2ZnRfaA?oc=5
"O que mudou no Inter de Eduardo Baptista: ""Confiança para fazer o simples""",GZH,2026-10-08T14:34:08+00:00,geral,https://news.google.com/rss/articles/CBMi-AFBVV95cUxOTDlaTjZua0ExWHduWEVrVHhQYjdSc1g1SlgtWFhGOGtQNUlZRE5JU2pLeG1pN2ZjNlpoZzZGRENzbFRRVW10ZXY3UktkNVhhNWdaQkZjV284a1FIUzBGLXNVWUJISmdUUmxWWmVGVGFCSlpyTXVkbnctVDdadXlSSHF6ZHplMGlieTgta3duSmFMOGRKZTVNT0NncF9UekdnTTM3eXBSUk5LQkVfSXBqTXFVMEhXZGw5Q1RRc1NzM3c5c2dMLXB5cU5FelF3Rmd6eXBsN3pCTFJfUjNPREpnZnpCREN2cXFfWHE5MVdMTWhBLWpIT2VvZA?oc=5
Serie B: Fortaleza vence América-MG e sobe para terceiro; Vila Nova tropeça em casa contra Cuiabá e estaciona na vice- liderança,CBF,2026-10-08T14:01:00+00:00,esportes,https://news.google.com/rss/articles/CBMisgJBVV95cUxPUU9LRF93Zm96U3l1clY1VklnbmJUNm1kQ2pwQkZ2WnFLRERCeXRQOXg1YnZUX0RtMDhtd0NkNmw2dnBfT1dqOHhNeXFKVFB6NDRMaVRfXzdoYWxvaW9sdmcza1NUeWtaX0NFQ2tDYnRtalN5UHlRZVZYbkZyeTJKOU01RHpTUm9fMndOWmpwaFk2YnNlRVUwdWoySGE3OGFfTHpFbGVjZGVuMVhTS2tJak9WNkVIMUFJYU1hQk9JRUU4YklaeE4zY0VIbnNsN2NDcTFVUEhXd1ZQOWVPMmlzdmdsWjN0VUpmUHBmYWV4R21ZVjllR3dhaENSU3RWVEt3VDBBSlIxRXZMVndTTkFMX0xIVFIwSVNNMzdubVg5aVlVRDl0OGhDbUxtUmtHVUJ2a1E?oc=5
TSE julga candidatura de Garotinho nesta quinta e pode definir eleição ao governo do Rio,UOL Notícias,2026-10-08T13:28:00+00:00,politica,https://news.google.com/rss/articles/CBMi-wFBVV95cUxNLUE0ZDNvUkNWVmctbXRzc1dkWVp5a3hUNUR0NzRzMlNweENiNTRHeHgxbjRCanVXX2F0QjhaLUxnYmRPRE5iQ3Qtai02SENsRm9yQ21WX29vMzdDb29xWnF1QzRyZXdJdW5Zb1pFdll2aHhtNXY3cWZoTjdIS21rM1lFTHRYY2ZxWHpkMVZodkkzUG14UmR2SnZqRTkzYlROUlh0cm1VRnBmaF9TMVNEd2Q0NllJdVZmQjBTZExWdHFZd01WTENndUZaMkZqbHFMTU1jUV9qUFpTYjEtemhtZ0V2amwyWm95RENXM0hPRUFtc09jbHNnVmdWdw?oc=5
EUA realizam primeira execução por injeção letal desde Christa Pike,CNN Brasil,2026-10-08T13:03:42+00:00,"americas, internacional",https://news.google.com/rss/articles/CBMisAFBVV95cUxQLXkxSl9wSE4yTWZZcXZfeGpTQmJKR3dZamxYekdKSFAtQVNXa3UtWVJzVFRWaWI1RGVTRGZEM2prbDVsbzBwUG5MczZQb3B3R2QxaVhTcHBkYWdSRFp4emt5ZTBlZ0FvYVpuN0ZZakZsLVBQYnh0MUkwMU45NDVHcFpfY1VXdHNsUDJlVmRXMEplV0puc3A4R0NzbDFwb1hXMFliakVIVnlJbzkwM3JpUQ?oc=5
UK’s Burnham ‘open’ to Germany joining GCAP fighter jet programme,Al Jazeera,2026-10-08T12:36:39+00:00,"europa, internacional",https://news.google.com/rss/articles/CBMipgFBVV95cUxOQmtrUHRWdnM1aVVyR0hHdHQzcWpPOUFqdUt6ZHRwTU9BYlBzeUt0Rk1HWk4talV6d1hmMnd0UnRFOVQxeDJ3NEhRWnQ2Y1Vua2hnOVRZSkUxQ01OeURORnZyVjlMeTdzV1g3RENYWUhCem8td0Y0ZUZYbFVxeTFUdkM1cFZUX2pPZnE1amFLOUcyZVRGUEdlTkdhT25EaFUzR0Nyczln0gGrAUFVX3lxTFBLc041OE1oRm54UXV2Qy1QcWpkV0Vvc2tTcGhtYndDSVN1NVVFY3FRRTNDZnlGNkgyU2dwYXU4WU5xQzl1VGhkNnJZWUhaeGg0bEFpaGZMRUMwVVJHNWc5aUdfRTFHY2NKSHB3aGNjZFNKNk50Y2xqMTFTcDU4bW0waVJiWGRFbXZfNDhycEVkVVRNdnN1Z1pIdXhMSTZoUy1uYWQ0MnBHT2g5TQ?oc=5
"Segurança regional em foco enquanto chefe da ONU se reúne com PM, CDF",Balochistan Pulse,2026-10-08T10:11:50+00:00,internacional,https://news.google.com/rss/articles/CBMieEFVX3lxTFA0Vm80dkVGVlVndHZnRkkwNE91cVp5R00wdzd2RHNnZF8wU1ZTcWc5UldtbFYyems4NFZqMXZhTmdqbVlKVTlESnlCUEpuNUo0VEU5S2FZWllHSkFRWlI0b3JnajcxZkVSZ2xOVmJvY2d4RkhlbXlPU9IBeEFVX3lxTFA0Vm80dkVGVlVndHZnRkkwNE91cVp5R00wdzd2RHNnZF8wU1ZTcWc5UldtbFYyems4NFZqMXZhTmdqbVlKVTlESnlCUEpuNUo0VEU5S2FZWllHSkFRWlI0b3JnajcxZkVSZ2xOVmJvY2d4RkhlbXlPUw?oc=5
"Nova frente fria se aproxima e imagens de satélite mostram ""mancha"" de chuva chegando a SC",NSC Total,2026-10-08T09:34:23+00:00,"clima, espaco",https://news.google.com/rss/articles/CBMivwFBVV95cUxQWWFlLVkxSjVhcm9uNFlQN0dLd0RCeTRZU0dlVWE3WnM5aGZWWVc4Tm9RQW5xTXczSHdLVWhfVTlJRDZ3M3VMU2ZkUlgwM1ZqYld2SFFydnRTUDlTb05GcTdHUnFGNzl5YTFMc2NxM09POWxkS194TG9sbFRYeExnQ1V3aDdpSjJsOUo2bDFWcWgwemhJX0swV05yZGJkSXBwWnktUlI1QjItdFczUlFMcUtoUDczcXZYaGFMMGs2aw?oc=5
AU-mandated Africa Credit Rating Agency officially launched in Mauritius,The Eastleigh Voice,2026-10-08T08:41:26+00:00,"africa, internacional",https://news.google.com/rss/articles/CBMiwAFBVV95cUxPeERrU0d1cG91NVFiMnF0TVRGZ200SXNvcGlmc1lYTEdjU2stUGZ3WU0zWFNqUXBsTWtxejBoMk9JbEYzWVJkMnVkYWFCWTVPQ3pzWXFCb2poUzlZeFY3bG8wVnZnVkVobW1LWmExR21kSi1QLU4tZFhnVHQ2cWROYk1IWTV2dVVGeWoyUVdJcTMtSWJSRjljbHRXS2lVOEhqa19kOW1nOFdSQXlGUndxaFcyLTNlb0tLSWRuOGtlR28?oc=5
"Pentágono reduz contagem de mortos e feridos na guerra do Irã, gerando dúvidas e indignação","ABC News - Breaking News, Latest News and Videos",2026-10-08T04:11:36+00:00,"guerra, internacional, oriente_medio",https://news.google.com/rss/articles/CBMimgFBVV95cUxNQ1BwUjctMk8yVXY0LVVRRjB3eW1ENUVYYjFzWkNyMWVIOWpNVzBEeTNaQzU5M2pDWEE1ZXRJb2g2WGk2a1ZMT0hEbnhtV3lZRmsxTzhaSFFTckxTWmM2ZUVZWmVkaWVkbDZVak9vSGl6b3dMNk5UdnBjOHZZM1phbEZwbS1MTHhxVEItb2gyZ2FDYVpfaTJBSzZ30gGfAUFVX3lxTE1fLUdKUGQ3NTBmZzZnSkduVmJkc3V0d3FtX2ZnWkhzaVZQUHp5LXlTT0tackNubUt4ZFFDUlA3NGlNVGFoQ3ZJeWltR3lCX3VHVXlibl9zVThCQ3BaSUllamM2NmdUeGN6UzdKWE8zZ2NuLXlJMUdWUUNfcHhmWC1ZV2pmdko2cHFDRjd4ZUFYdWxUaU1BN0IzOVBXZjhiOA?oc=5
Dólar sobe e volta a R$ 5; Bolsa recua com pressão do exterior,UOL Economia,2026-10-08T00:12:15+00:00,financas,https://news.google.com/rss/articles/CBMiyAFBVV95cUxNTEpKd05iV2hzUVEtTzBvLV94NDFRRjE4cEdNZlF1UWdxVFVTMHFKR0FiRVp2Nnc3cGt5ZHBJZWh6cVhhVU51S1JqLUx6UVlRVGh0Y3VMdDFSSklvSW1EdGpKejJUU1pNVktLTlkwU09QdE0xZmJTcjJ2LUdCSG80eGlSWUwyOVh0TXdUZjBNdktpbm1HRHQ3QmhHSmloa3pwSThqOEV0Zk9nbUc3SGlZZURHRmc4M0pKZWNWTHhXblg3dTR6ZjZ6Mg?oc=5
Joydeep Mukherjee,Grupo AMANHÃ,2026-10-08T01:35:58+00:00,economia,https://news.google.com/rss/articles/CBMiZkFVX3lxTE5meWNtck91Wk1jLWJyUTlBdU9PdjJZNnhBRmFzWFBkZHM2eDRYd0RKRzduZkxjRXhPRWFzUW9RTWhIaGlvRUZDY19pbHQwMU9YeWN5aXlLdFM4WFZlOWpRTjlTYjVmdw?oc=5
Confina Brasil visita Acre pela primeira vez,SBA1,2026-10-08T04:02:00+00:00,agronegocio,https://news.google.com/rss/articles/CBMijAFBVV95cUxNNkcxTDdwWmVmX1p2U1RTOGpzbWNLeTNWVWd5dkVWUldNOXFWSnBadXhYTTJCbTVYRUcyWkpsY25fcFpXX2VMQ3R2djJjanhXOGstdmFlUG1pOTY3NHQ2c3hsTDdKaGw4bk5xVkcwMDJiY3Y5ZVNLYlJwZ2FoNERZMXl5WmczNUFFdWpGTg?oc=5
Semana Espacial Mundial 2026 destaca uma nova era de lançamentos de foguetes,Tempo.co English,2026-10-08T02:25:16+00:00,espaco,https://news.google.com/rss/articles/CBMimgFBVV95cUxOZHdnTjdsN0hkVkh5VEtfbGdlYzJfbER0bWJJTGp6eV9UQWFHVGtwaDdQdV92MzgzNXRKZlU4VHF4WGVRZmNwekNkZlpZV3JRUlFGcjJmUWoyNnNtbTlrN3VsYzRnRG1QWVBpX3Fia2hncElzRjUwVlNIQ1pMOFlXS182NEJrdWNmTEdKTk1BWkRIQTFkYkNCMHZB?oc=5
TrainGO apresenta tecnologia de inteligência para atletas e fecha parceria técnica com a Brasil Ride Paraíba 2026,Brasil Inovador,2026-10-08T02:24:19+00:00,tecnologia,https://news.google.com/rss/articles/CBMi3AFBVV95cUxOLTBsa05CSWhGa1dydlZvd1pMaHJTT0NFRjBKaFRBek5mRGJBX2xEN3VwdndYS1FzSDF6ZzdfeHRkNC03M0VTVVNZbWdGbWF5OHdVSEFNNmt3N2IycUpiWXJncTBlZm1nR2dwTVY0aS14a3NzQ0h5d3hTd2lLT1ZSV0liWUIwejBzeHMwbHZJS2hreE1JZ0xCaHRxN3Brckl4NFQxdEMxZDZ5RWlDa2xLclE0azFIa1BiRE04enpUWGVkNEpOWl9NREtUYURlX05uSktxYnlZS1laSDZp?oc=5
EMERGÊNCIA: Queda de energia deixa 190 e 193 fora do ar após temporal em Porto Velho,Rondoniaovivo.com,2026-10-07T22:53:07+00:00,logistica,https://news.google.com/rss/articles/CBMi2AFBVV95cUxNcjdLb3JtWDdVM1J4N2sxREhWaTFyQ1hPTXdXZzgxYl9xM20tc1hnQU5fcW9sZFFTZDdZVGJSblFYR1FfNk1GYlgyaEdRYVA2R0lFYi0wWng4ZmZlRHR1Qnd4eFI5NmFiamhLbnRSbmZFRTFySXFHTDdvRXg4ejlESzNVbUZWbGVyVkJaOF81bG1tWUJHOGh4eURSMkJENExMbDhjazZMU0JPTE9Kd2xMeGJPRGJrSkRfblJCZzdBeU5jNFl5MzV1d0o0UW1aWkZOU1RfOVV1Zzk?oc=5
De quem é a segurança que conta no Pacífico?,Crikey,2026-10-07T23:26:45+00:00,oceania,https://news.google.com/rss/articles/CBMif0FVX3lxTE40anFla1cwdldoSDNNMlgzYWNhZm1sZUw2NzNuSU8yX0FJWldmdWptYWM2dXpnNVZZZF90SUI0WFItVTZDb3NRdDlHeExuR0xPVDdTVVBxaDNHenotc2lRWXVYTEl6RHgyYm5NWEZTLVdheWY5M05nOGlBZ2VLZmM?oc=5
Assista: O que sabemos sobre a recuperação ‘choque’ de Christa Pike no hospital,BBC US,2026-10-07T20:01:05+00:00,saude,https://www.bbc.co.uk/news/videos/cw99zxxx891yo?at_medium=RSS&at_campaign=rss
Empresa do Rio de Janeiro arremata blocos exploratórios de petróleo e gás em Roraima,Folha BV,2026-10-07T20:00:00+00:00,energia,https://news.google.com/rss/articles/CBMivwFBVV95cUxPeC1hbk1hcVdRNmdZZVlZUnlUMjQyNjQta1lyLTJJandlRlNVX2tlVUhSdXl6VzhHNWR6cHNvUWtjSzZQNDBvdE1UUjFydnFDeDg5eHVUZHNFc3UxcjVDa1AtbUZOVnNkNjhGN2tQVzhWaTV0ZUU4YWxqMkxhWlpkWGFleW9MelR3NUM1VUZxd0JmblFxRFdjV1dlRlplVHMxcVpXWlVMWENWRGQwc0Y4dVFremRYdjY5MU9DVFdkUQ?oc=5
Nobel de Química premia cientistas por avanço na fabricação de remédios,DOL,2026-10-07T16:44:13+00:00,ciencia,https://news.google.com/rss/articles/CBMiwwFBVV95cUxPRUhPMmN6NzJtVHUxRkdrajd1QndObF9sclFPZmxFSEtWaFJTUHdKS1B0bHFpNWhvbUtvbjhTczcyYWt0MXpOVmRLMEI2TkRaSzdPcjVLSlZ2TlB3UmppbVBhdVVvS2Rab0U5RzJPY0dUX2kxamQ2TXhNNngyb21SWEdYWlk4MWI2bWJ6VUVVbXM2UkptSHhpNXNMZ2xoaVppQ1NSM3FvbHVmMkVpeloxV2xvTnVHUmZ4T3FxWHhjXzllamfSAcMBQVVfeXFMT0VITzJjejcybVR1MUZHa2o3dUJ3TmxfbHJRT2ZsRUhLVmhSU1B3SktQdGxxaTVob21Lb244U3M3MmFrdDF6TlZkSzBCNk5EWks3T3I1S0pWdk5Qd1JqaW1QYXVVb0tkWm9FOUcyT2NHVF9pMWpkNk14TTZ4Mm9tUlhHWFpZODFiNm1ielVFVW1zNlJKbUh4aTVzTGdsaGlaaUNTUjNxb2x1ZjJFaXpaMVdsb051R1JmeE9xcVh4Y185ZWpn?oc=5
Empresa Mais Competitiva: Workshop orienta empresários sobre regularização e fortalecimento dos negócios,REDE BRASIL DE TELEVISÃO,2026-10-07T18:05:00+00:00,empresas,https://news.google.com/rss/articles/CBMi2AFBVV95cUxNSFRjdVA1SHFpZEtyelUtWUc1NzN3Zmg0SFhSdy1fOHNiaVZmaEZDUHQ2SXdIWldkcldzbC1VUExaQWRfTzJJbFFYclRaNkNGamZTSjVIczZFXzFYN2RFcnRVTVlYSUwwOE9EMXdTcXg2cDVodXhuNVE0QnlsX1V0cGhUVS1iLU5BaDVuaERTcWc4ZEJPeXNlWVlDMnRLNTZCQ1ZYT3ViM2N3VnZDQm9zSXp3aThpZ2xXb0xCMnJ6M1M2TmJmMUZrR0V3N0d0T2s1ay1WRFBiZm8?oc=5
Animal minúsculo da Antártica mora e se alimenta em 'pequenos vulcões' a quase 1 km de profundidade; descoberta revela cem anos de mistério,CNN Brasil,2026-10-07T06:37:50+00:00,"antartida, internacional",https://news.google.com/rss/articles/CBMihAJBVV95cUxPbnBYbm9lbHdPSXJSZ3REbWU2RmVyOExPTFJzU1NFa2dEaGc3TVVPdHV1aUU1UlJmak5fc0tmbnhxaDludDV4THhHdjEwT1MwSU5YbG9MY2tuYUZXRGZUVDJvQTE2dHpTcmlQM29hNTdsVUxsLVJqb0JMZmN2QWlubGJ1a25hcEROUFItM1dxSlpad3pTTU8tbUVUbVF2UmRxQzVFOUtIVHZjRFF5Z2l6T1R5cmZiNWs2c2xNYUtxcUlOQ1BJcnVMMzhOUUowdWx6S3VsLXRVSVA4YnhoR3lhb3dHckg2eHc5NTdqeTFFRGl2dkstT3psNFczX0F0cHRuaThySg?oc=5
"Nova Sigma tem zoom 50-120mm, abertura generosa e funciona com Canon, Fuji e Sony",Canaltech,2026-10-08T14:34:07+00:00,geral,https://news.google.com/rss/articles/CBMitAFBVV95cUxNLXlYZE1NN1BiSkVNcDNHZFpWdWREMGNhSkVrQ3F5UC1RSXpNRGJNR0RyY2o1VHVqQjJQV2ZfUVJ1WUhjbHFQcENxNFFBdjZneWpPbGhOcmtqYjZFbXNpdzI0Nk1zVy1iMmU2ZHdGRm5YMGh0TndCQjZITjRyTm1ycVpPWmdjZ0w5Q0tLMUMzWndGbjNKTVQ3cW1JNi0xN1hnUWNkcXdlZDRmbktna2JxZGpOMlk?oc=5
Fernando Diniz é o único treinador demitido duas vezes no Brasileirão 2026,Metrópoles,2026-10-08T13:58:00+00:00,esportes,https://news.google.com/rss/articles/CBMirwFBVV95cUxPMGh3SUhOaU04NUtieWtwT3EzSExzbUpzcGV2VWZFSHdSYmU2QWI3clBnYUFKeEVkampDOFd1OEp4eFQ2MHB2dzR3enlyOUxEdWFNYl9faVE0dnlGSW9MZkVvQzJHeUlGQ0FnWWdfTkZZdFU0MS1BUnpaLXFvWWl3RnZxblZfNEZfdHNnMmltOHNVaHpGV1RzemUxQjFXN05aRVc4ZXBQYS1Vb3I2eWR3?oc=5
Flávio vence em 15 Estados; Lula leva 12 e domina Nordeste,Congresso em Foco,2026-10-08T13:22:28+00:00,politica,https://news.google.com/rss/articles/CBMiqwFBVV95cUxOaUJUNmVSbE95WHVtNDZ5TFpCbkFkRVRjTVcwRF9PTUdXY0puRHlIZmp6Sk5wZXNBV3JyNnl5a3YzQjBCNVBvcEhYdmVJajRrQzBmUTU2bHJMdVJzM0lYelVKdmtQREcweVdOSkhlY010TjdNZTlhc0FLbUF2ejRSRjlwN1ZZcHZYc3BkeDBKRGpmREoySDVVeEhhYkU2QXY4S0hrbWY0QXJjZjg?oc=5
"Irã responderá às ideias dos EUA sobre proposta dentro de alguns dias, diz chanceler",UOL Notícias,2026-10-08T13:01:01+00:00,"americas, internacional",https://news.google.com/rss/articles/CBMi5gFBVV95cUxPM2lhdk5hcW9HOGJ3SDhManU5VjhIZEdhaEVOd2tsWUdxbVR4N1ZsM2x1UFdCcExkcDVuQTk5RnM5SkNlRG05eU9CRGxUUFBlcXRxVnFFLVdVNHh4eVNPT3BLRFN4bk1aaUw1dV92VEItZWhRcWlwZy1pSFcxbmNxUl94aThlR1ZIQjhyMDY3cHIwQ3ZHdjdOVy1haXRQaWM3UEs2akZneXo2X2lKZUFkQVU2emZvMVM3VS14QzhDb0xDeU1TbU1TVkNPR1E3UFlxazNobjFpMGNCTzg3QWpaX2Z0WmFBUQ?oc=5
Por que embargo da União Europeia não deve frear exportações de frango brasileiro,GZH,2026-10-08T12:33:12+00:00,"europa, internacional",https://news.google.com/rss/articles/CBMilgJBVV95cUxPcXIzTHdNLUxDUlREZlg4QWVDMkhVa2xnWmxEWjktREc4SFNWLWdwMWpkRGNiMVFJRGVyNWRrUzh4N0pGd1ZMaG8yaUZJbkR2cnVaMXN6cUxRUDlnRUZaemswcXFQVzFJMnBibUFJOFRuMGFSNHEtdVB4RGlxZTlVc2poTVE4QzA3WktORVBFdFR4SzJvVTFCUm5QdjU4M1Vtd0F2d1Q3T0hBY2U1RkpoZzlVZTNrNzJ5cHVEOUQ4aUV3cnJxM0xneEttZ2tQZl9Qa0Nuc2NXMGVjaElDNlhHYVlFWnZjUW9BclBHRnc2b1FQdE5SV3NjYmxqS21uSDNmMkw4NTVKNHhoUUlXM1pWMU1Zdjh0QQ?oc=5
Coreia do Sul realiza primeiro teste de sistema de mísseis hipersônicos em meio a crescente de tensões com Pyongyang,O GLOBO,2026-10-08T10:59:41+00:00,"asia, internacional",https://news.google.com/rss/articles/CBMiggJBVV95cUxNOHA4dGQtQkpzUUtaMENYdWZhSm9qYTVSbnNUN1RFRm5HZ2Q4VXNHdzZsdVlrWHNtY2EtZXhLRkdiYjNxTTZmX3dQeE9uMVo4YVBNX1otamJoYXVpMVNXYnZHS21aX2t0Vkh2bGZoVTZFS09IajREWUNEMWpxVUpYaDBYdXY3UW14M01fZ0xqc0JaTjBaM2pHVW96bTVkVi1uOWtxMUIzSm5USkFBancwNGIyZDRsbnRwWUYtOFFwdlI0MmltWEVjQ0tOZWlueUVfN0xfLUtsVHdIbjMzaHp6eTZMRTFTWUhRV2tYQndVTXBuY0tIQjZBaVBXYWVYajJiY2fSAZACQVVfeXFMUERTTlpueHpiWkxpR052aUxucUFNeW5lMDhscXdaYjJWb20tck5yVlVDdldoZUZTY1ZfMTdyeW5fTDBkRm1XYm5McTdSX29CLUt6cks0QWNoRTJWWTZ6YXEzbDMwTVczVEtleFlhLWx0MUtwR0c5d0hYbmFTZ2J2M3BwQlBmaVVqSTQ2WlE2bUE1a0p6UWNTaHFJMUlhdXJOZFU4UGotR1h6NE9tSjVOdEVLMTlSalEtTGpGYzBvZHJ4Qk4tN1BjY0pQczNoLXBwNExzMEg4MFNEMUNtUkJNNnlENXVSUWtJelo4eVI2OVRQVE53bG9aTkp0R2dRV0JZbW5UamRXQ3hFbzQtMVVrY24?oc=5
President John Dramani Mahama Of Ghana: The Democratic And Diplomatic Ibrahim Traoré?,www.modernghana.com,2026-10-08T09:57:51+00:00,internacional,https://www.modernghana.com/news/1534329/president-john-dramani-mahama-of-ghana-the-democr.html
Sesi 80 anos: exposição vai da Maria Fumaça aos robôs,Campo Grande News,2026-10-08T11:33:00+00:00,cultura,https://news.google.com/rss/articles/CBMiwAFBVV95cUxNSElpQ0VhTUxkeUNJVzdIalVSSEttWVktU0F1Y2d2OERpdUkwWkZqUnlUUThYLUltaERScmN1MlRuZFJLUjdzQmJxcGJnS2FDRGF1N1c2X210czhnZ0xLQU92MmV3aFVFWUxPaGFWVG54WkdyM2U4T0ZXS3pOLWtfM0pBRlRWcVktdGFzV0E4M3JLMnY4LWpxbXhKNktVNHkwellNeFVEZzdkYzhoU0RFWGVHaVpyRGloalNoUXRjZ0vSAcABQVVfeXFMT3h6YWpGQUtZWVBScnRIUXQ0RXdKVmZIVUdHaGhFLXJGVVNaWUpZRlo1M1kyQXdQZkFoa0M5U2JkZzljcXc2MUNVcFdySXJWd3pMajd2MkdVSnZUTlpLamI2aTJCX0Z5YVh4MHoxUllTckFmMGFkYkVxbEIzbUxwbzRIdWlYVm44TXJ4cDBHaHVfendvY1Nuc2o4ZG5wMUZaVDB5WmpUN1haSTNSNUZ0YzByMl9ueXhqSUVFQV9fUmg5?oc=5
MS tem calor de até 42°C e risco de chuva forte nesta quinta (8),Campo Grande News,2026-10-08T09:26:00+00:00,clima,https://news.google.com/rss/articles/CBMiswFBVV95cUxPVHZEbTVCMUd0UEt4V0s2LWdQS3FJVGY3MVZGdTVQbjlpS1FfaGNWU1ZPdUNWemVXcE9GUGhocTU1a21oSzFrTmUtZUNpa0ZiUmZMZ0JNQnVXUjlCZ0FIeTZoc09qUE1RMjN6MTJ6eXlrcHBrUXkzcVJMSWhLTU5Oa1FLTzgxZ3YydTNKUGFXTC1NVEtsR1Z6T3lsTmVlZmZqcE04ZW5xWXY0LVpVWk5RYlJaRdIBswFBVV95cUxPVFdNSzZueFRkaDNDVnJOcExaTS1kTjdpODZYV1pWeWxnTWhRbnB1R1p2cnBPWU1kcko3N2I3NV9tVDhubU5pd1BNbFJiaGQ2U0hxVURiajN2ZDZrcGxoVmRGQXZJQ2o0UGJlNzRlU1o1M2ZUVEFuYXg2QXhWZGJ0YURnTE1UdU03blNQbHpBcjVBcmlWZkVTaDVvalJ0c2JVWWZpM0dLQzByQmtWakpmbXNrTQ?oc=5
